"County","School.Type","Number.of.Students","X..Economically.Disadvantaged","Overall.Rating","Overall.Score","Juvenile.Population","Youth.Referred","Referral.Rate.1.000","Recidivism"
"ANDERSON","District",342,0.541,"A","97",4488,10,2.450980392,0.134
"ANDERSON","District",3360,0.816,"B","89",4488,10,2.450980392,0.134
"ANDERSON","District",361,0.468,"B","89",4488,10,2.450980392,0.134
"ANDERSON","District",808,0.542,"A","92",4488,10,2.450980392,0.134
"ANDERSON","District",1150,0.454,"A","91",4488,10,2.450980392,0.134
"ANDERSON","District",574,0.408,"A","94",4488,10,2.450980392,0.134
"ANDERSON","District",1332,0.74,"B","88",4488,10,2.450980392,0.134
"ANDREWS","District",4131,0.496,"B","89",1838,43,27.74755169,0.048
"ANGELINA","District",995,0.578,"A","92",9371,110,14.51285882,0.107
"ANGELINA","District",1612,0.586,"B","88",9371,110,14.51285882,0.107
"ANGELINA","District",2799,0.501,"A","92",9371,110,14.51285882,0.107
"ANGELINA","District",7318,0.858,"B","87",9371,110,14.51285882,0.107
"ANGELINA","District",1744,0.706,"Not Rated: Data Under Review","90",9371,110,14.51285882,0.107
"ANGELINA","District",1451,0.564,"A","90",9371,110,14.51285882,0.107
"ANGELINA","District",300,0.687,"B","88",9371,110,14.51285882,0.107
"ARANSAS","District",3005,0.669,"B","84",1752,18,10.2739726,0.114
"ARCHER","District",506,0.411,"A","91",726,5,6.887052342,0.206
"ARCHER","District",1126,0.247,"A","94",726,5,6.887052342,0.206
"ARCHER","District",530,0.3,"A","95",726,5,6.887052342,0.206
"ARMSTRONG","District",307,0.362,"A","94",148,0,0,0.5
"ATASCOSA","District",1569,0.553,"A","90",5244,64,15.82761251,0.178
"ATASCOSA","District",1676,0.717,"C","72",5244,64,15.82761251,0.178
"ATASCOSA","District",1740,0.74,"B","86",5244,64,15.82761251,0.178
"ATASCOSA","District",3374,0.661,"B","89",5244,64,15.82761251,0.178
"ATASCOSA","District",397,0.685,"B","83",5244,64,15.82761251,0.178
"AUSTIN","District",2191,0.453,"C","78",2933,36,13.6379134,0.165
"AUSTIN","District",766,0.584,"B","87",2933,36,13.6379134,0.165
"AUSTIN","District",2814,0.603,"B","81",2933,36,13.6379134,0.165
"BAILEY","District",1347,0.876,"A","90",1004,14,14.94023904,0.13
"BANDERA","District",265,0.57,"C","76",1482,21,18.21862348,0.208
"BANDERA","District",2301,0.48,"Not Rated: Senate Bill 1365","68",1482,21,18.21862348,0.208
"BASTROP","District",319,0.577,"B","86",8631,99,13.90337157,0.135
"BASTROP","District",11947,0.702,"C","75",8631,99,13.90337157,0.135
"BASTROP","District",4985,0.711,"C","78",8631,99,13.90337157,0.135
"BASTROP","District",1780,0.457,"B","80",8631,99,13.90337157,0.135
"BAYLOR","District",618,0.605,"A","96",311,0,0,0.111
"BEE","District",401,0.835,"B","81",2691,39,16.72240803,0.156
"BEE","District",498,0.88,"B","87",2691,39,16.72240803,0.156
"BEE","District",785,0.601,"Not Rated: Data Under Review","93",2691,39,16.72240803,0.156
"BEE","District",2996,0.839,"B","87",2691,39,16.72240803,0.156
"BEE","District",377,0.66,"B","85",2691,39,16.72240803,0.156
"BELL","District",1749,0.364,"B","84",42004,316,9.689553376,0.163
"BELL","District",836,0.578,"B","86",42004,316,9.689553376,0.163
"BELL","District",656,0.434,"A","94",42004,316,9.689553376,0.163
"BELL","District",43839,0.619,"C","78",42004,316,9.689553376,0.163
"BELL","District",893,0.471,"B","88",42004,316,9.689553376,0.163
"BELL","District",13298,0.402,"B","87",42004,316,9.689553376,0.163
"BELL","District",1590,0.97,"C","73",42004,316,9.689553376,0.163
"BELL","District",8395,0.775,"C","77",42004,316,9.689553376,0.163
"BELL","District",1900,0.113,"A","91",42004,316,9.689553376,0.163
"BELL","District",2233,0.234,"B","88",42004,316,9.689553376,0.163
"BELL","District",1636,0.458,"A","90",42004,316,9.689553376,0.163
"BELL","District",394,0.883,"B","82",42004,316,9.689553376,0.163
"BEXAR","District",636,0.602,"Not Rated: Data Under Review","83",192094,1751,12.16071298,0.159
"BEXAR","District",353,0.901,"C","73",192094,1751,12.16071298,0.159
"BEXAR","District",261,0.969,"Not Rated: Senate Bill 1365","65",192094,1751,12.16071298,0.159
"BEXAR","District",93,0.903,"Not Rated: Senate Bill 1365","69",192094,1751,12.16071298,0.159
"BEXAR","District",572,0.799,"A","100",192094,1751,12.16071298,0.159
"BEXAR","District",124,0.919,"B","83",192094,1751,12.16071298,0.159
"BEXAR","District",776,0.867,"Not Rated: Data Under Review","85",192094,1751,12.16071298,0.159
"BEXAR","District",149,0.738,"A","91",192094,1751,12.16071298,0.159
"BEXAR","District",3421,0.081,"A","99",192094,1751,12.16071298,0.159
"BEXAR","District",794,0.825,"B","82",192094,1751,12.16071298,0.159
"BEXAR","District",489,0.178,"B","89",192094,1751,12.16071298,0.159
"BEXAR","District",1836,0.871,"C","77",192094,1751,12.16071298,0.159
"BEXAR","District",262,0.809,"Not Rated: Senate Bill 1365","59",192094,1751,12.16071298,0.159
"BEXAR","District",205,0.561,"C","74",192094,1751,12.16071298,0.159
"BEXAR","District",465,0.576,"Not Rated: Senate Bill 1365","41",192094,1751,12.16071298,0.159
"BEXAR","District",408,0.907,"Not Rated: Senate Bill 1365","51",192094,1751,12.16071298,0.159
"BEXAR","District",3972,0.601,"A","91",192094,1751,12.16071298,0.159
"BEXAR","District",4459,0.861,"B","87",192094,1751,12.16071298,0.159
"BEXAR","District",3141,0.636,"B","81",192094,1751,12.16071298,0.159
"BEXAR","District",5288,0.646,"A","91",192094,1751,12.16071298,0.159
"BEXAR","District",93,0.462,"A","90",192094,1751,12.16071298,0.159
"BEXAR","District",44568,0.88,"B","85",192094,1751,12.16071298,0.159
"BEXAR","District",8136,0.223,"A","92",192094,1751,12.16071298,0.159
"BEXAR","District",3955,0.847,"A","90",192094,1751,12.16071298,0.159
"BEXAR","District",59445,0.593,"B","89",192094,1751,12.16071298,0.159
"BEXAR","District",10002,0.664,"Not Rated: Senate Bill 1365","68",192094,1751,12.16071298,0.159
"BEXAR","District",13165,0.818,"B","86",192094,1751,12.16071298,0.159
"BEXAR","District",910,0.135,"B","81",192094,1751,12.16071298,0.159
"BEXAR","District",1635,0.257,"A","93",192094,1751,12.16071298,0.159
"BEXAR","District",101584,0.489,"B","84",192094,1751,12.16071298,0.159
"BEXAR","District",24517,0.687,"B","81",192094,1751,12.16071298,0.159
"BEXAR","District",5516,0.861,"B","88",192094,1751,12.16071298,0.159
"BEXAR","District",4788,0.195,"A","91",192094,1751,12.16071298,0.159
"BEXAR","District",12078,0.883,"B","83",192094,1751,12.16071298,0.159
"BEXAR","District",8383,0.89,"C","70",192094,1751,12.16071298,0.159
"BEXAR","District",1458,0.037,"A","95",192094,1751,12.16071298,0.159
"BEXAR","District",7919,0.903,"C","72",192094,1751,12.16071298,0.159
"BEXAR","District",111,0.973,"Not Rated",".",192094,1751,12.16071298,0.159
"BEXAR","District",30,0.867,"Not Rated",".",192094,1751,12.16071298,0.159
"BEXAR","District",5764,0.837,"C","75",192094,1751,12.16071298,0.159
"BLANCO","District",697,0.313,"A","91",790,8,11.39240506,0.045
"BLANCO","District",1058,0.42,"B","87",790,8,11.39240506,0.045
"BOSQUE","District",139,0.698,"B","81",1534,6,3.911342894,0.138
"BOSQUE","District",618,0.505,"B","89",1534,6,3.911342894,0.138
"BOSQUE","District",133,0.586,"B","89",1534,6,3.911342894,0.138
"BOSQUE","District",179,0.637,"Not Rated: Senate Bill 1365","68",1534,6,3.911342894,0.138
"BOSQUE","District",132,0.72,"B","86",1534,6,3.911342894,0.138
"BOSQUE","District",178,0.876,"B","80",1534,6,3.911342894,0.138
"BOSQUE","District",1024,0.62,"B","86",1534,6,3.911342894,0.138
"BOSQUE","District",392,0.633,"Not Rated: Senate Bill 1365","64",1534,6,3.911342894,0.138
"BOWIE","District",473,0.465,"A","92",8518,130,18.6663536,0.124
"BOWIE","District",208,0.505,"B","84",8518,130,18.6663536,0.124
"BOWIE","District",500,0.124,"A","94",8518,130,18.6663536,0.124
"BOWIE","District",2313,0.327,"A","94",8518,130,18.6663536,0.124
"BOWIE","District",69,0.623,"B","85",8518,130,18.6663536,0.124
"BOWIE","District",105,0.981,"C","79",8518,130,18.6663536,0.124
"BOWIE","District",783,0.688,"B","87",8518,130,18.6663536,0.124
"BOWIE","District",886,0.564,"B","89",8518,130,18.6663536,0.124
"BOWIE","District",474,0.57,"Not Rated: Data Under Review","92",8518,130,18.6663536,0.124
"BOWIE","District",1196,0.798,"B","87",8518,130,18.6663536,0.124
"BOWIE","District",1099,0.511,"A","93",8518,130,18.6663536,0.124
"BOWIE","District",7126,0.765,"B","80",8518,130,18.6663536,0.124
"BOWIE","District",2131,0.838,"C","77",8518,130,18.6663536,0.124
"BRAZORIA","District",116,0.879,"B","86",40030,456,15.6382713,0.125
"BRAZORIA","District",20930,0.329,"A","94",40030,456,15.6382713,0.125
"BRAZORIA","District",11451,0.717,"B","89",40030,456,15.6382713,0.125
"BRAZORIA","District",27955,0.511,"B","88",40030,456,15.6382713,0.125
"BRAZORIA","District",6748,0.752,"A","92",40030,456,15.6382713,0.125
"BRAZORIA","District",772,0.36,"B","87",40030,456,15.6382713,0.125
"BRAZORIA","District",1851,0.479,"B","86",40030,456,15.6382713,0.125
"BRAZORIA","District",2911,0.625,"B","84",40030,456,15.6382713,0.125
"BRAZOS","District",609,0.765,"A","90",19365,307,22.66976504,0.178
"BRAZOS","District",330,0.997,"C","75",19365,307,22.66976504,0.178
"BRAZOS","District",14138,0.377,"B","89",19365,307,22.66976504,0.178
"BRAZOS","District",16005,0.793,"B","86",19365,307,22.66976504,0.178
"BREWSTER","District",111,0.802,"C","75",737,3,4.070556309,0.196
"BREWSTER","District",9,0,"A","94",737,3,4.070556309,0.196
"BREWSTER","District",970,0.575,"B","86",737,3,4.070556309,0.196
"BREWSTER","District",57,0.702,"A","90",737,3,4.070556309,0.196
"BRISCOE","District",187,0.46,"A","93",137,1,7.299270073,0.222
"BROOKS","District",1340,0.928,"B","87",827,14,20.55622733,0.122
"BROWN","District",147,0.599,"C","75",3498,45,14.57975986,0.174
"BROWN","District",212,0.566,"B","84",3498,45,14.57975986,0.174
"BROWN","District",191,0.691,"A","91",3498,45,14.57975986,0.174
"BROWN","District",1136,0.412,"A","92",3498,45,14.57975986,0.174
"BROWN","District",227,0.507,"A","90",3498,45,14.57975986,0.174
"BROWN","District",869,0.651,"B","89",3498,45,14.57975986,0.174
"BROWN","District",3448,0.642,"B","84",3498,45,14.57975986,0.174
"BURLESON","District",1833,0.583,"A","90",1656,19,12.07729469,0.183
"BURLESON","District",541,0.726,"B","85",1656,19,12.07729469,0.183
"BURLESON","District",529,0.722,"A","91",1656,19,12.07729469,0.183
"BURNET","District",3262,0.529,"B","82",3890,71,21.33676093,0.154
"BURNET","District",3995,0.676,"B","81",3890,71,21.33676093,0.154
"CALDWELL","District",6117,0.775,"C","75",4118,94,29.1403594,0.152
"CALDWELL","District",235,0.791,"Not Rated: Senate Bill 1365","55",4118,94,29.1403594,0.152
"CALDWELL","District",1425,0.733,"B","81",4118,94,29.1403594,0.152
"CALHOUN","District",3561,0.642,"B","86",2311,35,17.74123756,0.133
"CALLAHAN","District",1431,0.44,"B","89",1207,8,8.285004143,0.189
"CALLAHAN","District",378,0.68,"A","93",1207,8,8.285004143,0.189
"CALLAHAN","District",293,0.546,"B","89",1207,8,8.285004143,0.189
"CALLAHAN","District",462,0.422,"A","93",1207,8,8.285004143,0.189
"CAMERON","District",38412,0.895,"Not Rated: Data Under Review","92",53594,556,13.35970444,0.158
"CAMERON","District",848,0.899,"B","89",53594,556,13.35970444,0.158
"CAMERON","District",17022,0.77,"B","89",53594,556,13.35970444,0.158
"CAMERON","District",4251,0.519,"A","97",53594,556,13.35970444,0.158
"CAMERON","District",1602,0.876,"B","83",53594,556,13.35970444,0.158
"CAMERON","District",2908,0.858,"B","88",53594,556,13.35970444,0.158
"CAMERON","District",10333,0.799,"A","92",53594,556,13.35970444,0.158
"CAMERON","District",1968,0.889,"B","87",53594,556,13.35970444,0.158
"CAMERON","District",9201,0.887,"B","85",53594,556,13.35970444,0.158
"CAMERON","District",543,0.996,"B","85",53594,556,13.35970444,0.158
"CAMP","District",2352,0.784,"A","96",1323,5,4.535147392,0.098
"CARSON","District",143,0.252,"A","92",529,3,5.671077505,0.158
"CARSON","District",663,0.305,"A","97",529,3,5.671077505,0.158
"CARSON","District",339,0.487,"B","88",529,3,5.671077505,0.158
"CASS","District",1906,0.678,"B","89",2643,23,8.702232312,0.14
"CASS","District",638,0.687,"B","89",2643,23,8.702232312,0.14
"CASS","District",137,0.788,"B","87",2643,23,8.702232312,0.14
"CASS","District",933,0.635,"A","90",2643,23,8.702232312,0.14
"CASS","District",1146,0.545,"A","90",2643,23,8.702232312,0.14
"CASS","District",399,0.549,"A","92",2643,23,8.702232312,0.14
"CASS","District",240,0.796,"Not Rated: Data Under Review","92",2643,23,8.702232312,0.14
"CASTRO","District",209,0.861,"B","81",959,1,2.085505735,0.28
"CASTRO","District",250,0.192,"A","98",959,1,2.085505735,0.28
"CASTRO","District",1153,0.872,"B","82",959,1,2.085505735,0.28
"CHAMBERS","District",1389,0.568,"A","90",4207,49,11.88495365,0.228
"CHAMBERS","District",6796,0.265,"A","95",4207,49,11.88495365,0.228
"CHAMBERS","District",1540,0.645,"B","89",4207,49,11.88495365,0.228
"CHEROKEE","District",556,0.752,"B","89",5383,50,9.660040869,0.177
"CHEROKEE","District",538,0.868,"B","88",5383,50,9.660040869,0.177
"CHEROKEE","District",4735,0.828,"B","86",5383,50,9.660040869,0.177
"CHEROKEE","District",2001,0.709,"C","79",5383,50,9.660040869,0.177
"CHEROKEE","District",258,0.686,"B","87",5383,50,9.660040869,0.177
"CHILDRESS","District",1013,0.537,"A","90",592,22,48.98648649,0.323
"CLAY","District",151,0.543,"C","75",900,5,5.555555556,0.244
"CLAY","District",131,0.634,"B","86",900,5,5.555555556,0.244
"CLAY","District",942,0.308,"B","86",900,5,5.555555556,0.244
"CLAY","District",461,0.462,"B","84",900,5,5.555555556,0.244
"COCHRAN","District",360,0.803,"Not Rated: Data Under Review","82",342,1,2.923976608,0.25
"COCHRAN","District",313,0.572,"B","84",342,1,2.923976608,0.25
"COKE","District",262,0.622,"B","87",218,4,18.34862385,0.184
"COKE","District",238,0.5,"A","91",218,4,18.34862385,0.184
"COLEMAN","District",800,0.596,"B","84",727,3,4.126547455,0.174
"COLEMAN","District",165,0.739,"B","87",727,3,4.126547455,0.174
"COLEMAN","District",253,1,"A","90",727,3,4.126547455,0.174
"COLLIN","District",3351,0.146,"A","93",102195,801,11.28235237,0.125
"COLLIN","District",23238,0.313,"B","89",102195,801,11.28235237,0.125
"COLLIN","District",4859,0.148,"A","95",102195,801,11.28235237,0.125
"COLLIN","District",65617,0.128,"A","95",102195,801,11.28235237,0.125
"COLLIN","District",21700,0.084,"A","94",102195,801,11.28235237,0.125
"COLLIN","District",18155,0.281,"Not Rated: Data Under Review","96",102195,801,11.28235237,0.125
"COLLIN","District",49241,0.346,"B","89",102195,801,11.28235237,0.125
"COLLIN","District",6765,0.509,"A","93",102195,801,11.28235237,0.125
"COLLIN","District",4335,0.043,"A","99",102195,801,11.28235237,0.125
"COLLIN","District",146,0.021,"A","98",102195,801,11.28235237,0.125
"COLLIN","District",21420,0.168,"A","94",102195,801,11.28235237,0.125
"COLLIN","District",4436,0.505,"B","86",102195,801,11.28235237,0.125
"COLLIN","District",2018,0.534,"B","89",102195,801,11.28235237,0.125
"COLLIN","District",1386,0.09,"A","98",102195,801,11.28235237,0.125
"COLLIN","District",958,0.416,"B","87",102195,801,11.28235237,0.125
"COLLIN","District",3335,0.499,"B","86",102195,801,11.28235237,0.125
"COLLINGSWORTH","District",542,0.566,"B","87",349,2,8.595988539,0.261
"COLORADO","District",684,0.558,"A","96",1880,16,16.4893617,0.108
"COLORADO","District",1555,0.552,"B","87",1880,16,16.4893617,0.108
"COLORADO","District",1272,0.754,"B","87",1880,16,16.4893617,0.108
"COMAL","District",9638,0.365,"B","86",10514,197,21.87559445,0.14
"COMAL","District",347,1,"B","80",10514,197,21.87559445,0.14
"COMAL","District",27190,0.298,"A","93",10514,197,21.87559445,0.14
"COMANCHE","District",145,0.724,"A","95",1332,18,13.51351351,0.128
"COMANCHE","District",1303,0.611,"A","91",1332,18,13.51351351,0.128
"COMANCHE","District",740,0.542,"A","91",1332,18,13.51351351,0.128
"COMANCHE","District",128,0.633,"B","89",1332,18,13.51351351,0.128
"CONCHO","District",225,0.689,"B","80",234,3,12.82051282,0.25
"CONCHO","District",222,0.626,"B","83",234,3,12.82051282,0.25
"COOKE","District",482,0.147,"A","96",3888,34,10.28806584,0.167
"COOKE","District",493,0.335,"B","89",3888,34,10.28806584,0.167
"COOKE","District",3138,0.627,"B","84",3888,34,10.28806584,0.167
"COOKE","District",56,0.893,"A","92",3888,34,10.28806584,0.167
"COOKE","District",63,0.746,"C","76",3888,34,10.28806584,0.167
"COOKE","District",1140,0.355,"B","88",3888,34,10.28806584,0.167
"COOKE","District",523,0.168,"A","97",3888,34,10.28806584,0.167
"COOKE","District",941,0.524,"B","84",3888,34,10.28806584,0.167
"CORYELL","District",2689,0.585,"B","86",10195,84,9.318293281,0.172
"CORYELL","District",213,0.638,"Not Rated: Senate Bill 1365","62",10195,84,9.318293281,0.172
"CORYELL","District",338,0.453,"C","77",10195,84,9.318293281,0.172
"CORYELL","District",8102,0.632,"B","87",10195,84,9.318293281,0.172
"CORYELL","District",198,0.571,"B","86",10195,84,9.318293281,0.172
"COTTLE","District",161,0.72,"B","86",105,1,9.523809524,0.1
"CRANE","District",1151,0.421,"B","85",486,3,6.172839506,0
"CROCKETT","District",729,0.658,"A","93",396,0,0,0.391
"CROSBY","District",484,0.833,"B","81",737,4,5.427408412,0.232
"CROSBY","District",329,0.778,"B","85",737,4,5.427408412,0.232
"CROSBY","District",237,0.819,"B","85",737,4,5.427408412,0.232
"CULBERSON","District",360,0.817,"B","86",245,1,4.081632653,0
"DALLAM","District",1717,0.671,"B","85",873,9,10.30927835,0.2
"DALLAM","District",213,0.577,"A","94",873,9,10.30927835,0.2
"DALLAS","District",486,0.879,"B","83",269375,1856,8.144779582,0.139
"DALLAS","District",245,0.992,"C","71",269375,1856,8.144779582,0.139
"DALLAS","District",22183,0.729,"B","86",269375,1856,8.144779582,0.139
"DALLAS","District",297,1,"Not Rated",".",269375,1856,8.144779582,0.139
"DALLAS","District",1067,0.858,"B","82",269375,1856,8.144779582,0.139
"DALLAS","District",202,0.802,"B","86",269375,1856,8.144779582,0.139
"DALLAS","District",535,0.935,"B","87",269375,1856,8.144779582,0.139
"DALLAS","District",1068,0.59,"Not Rated: Data Under Review","81",269375,1856,8.144779582,0.139
"DALLAS","District",5037,0.921,"B","84",269375,1856,8.144779582,0.139
"DALLAS","District",250,0.7,"B","81",269375,1856,8.144779582,0.139
"DALLAS","District",1138,0.85,"Not Rated: Senate Bill 1365","68",269375,1856,8.144779582,0.139
"DALLAS","District",5558,0.653,"B","87",269375,1856,8.144779582,0.139
"DALLAS","District",2055,0.305,"A","91",269375,1856,8.144779582,0.139
"DALLAS","District",124,0.984,"Not Rated: Senate Bill 1365","60",269375,1856,8.144779582,0.139
"DALLAS","District",316,0.927,"A","90",269375,1856,8.144779582,0.139
"DALLAS","District",4211,0.911,"B","85",269375,1856,8.144779582,0.139
"DALLAS","District",336,0.03,"A","97",269375,1856,8.144779582,0.139
"DALLAS","District",1256,0.916,"Not Rated: Senate Bill 1365","68",269375,1856,8.144779582,0.139
"DALLAS","District",541,0.612,"B","89",269375,1856,8.144779582,0.139
"DALLAS","District",1365,0.43,"A","90",269375,1856,8.144779582,0.139
"DALLAS","District",1464,0.799,"B","86",269375,1856,8.144779582,0.139
"DALLAS","District",1551,0.927,"C","71",269375,1856,8.144779582,0.139
"DALLAS","District",1271,0.956,"Not Rated: Senate Bill 1365","62",269375,1856,8.144779582,0.139
"DALLAS","District",654,0.745,"Not Rated: Data Under Review","88",269375,1856,8.144779582,0.139
"DALLAS","District",501,0.529,"C","70",269375,1856,8.144779582,0.139
"DALLAS","District",669,0.673,"Not Rated: Data Under Review","93",269375,1856,8.144779582,0.139
"DALLAS","District",1557,1,"B","86",269375,1856,8.144779582,0.139
"DALLAS","District",143430,0.851,"B","86",269375,1856,8.144779582,0.139
"DALLAS","District",985,0.892,"B","84",269375,1856,8.144779582,0.139
"DALLAS","District",11944,0.779,"B","82",269375,1856,8.144779582,0.139
"DALLAS","District",52960,0.741,"B","87",269375,1856,8.144779582,0.139
"DALLAS","District",27284,0.743,"Not Rated: Data Under Review","82",269375,1856,8.144779582,0.139
"DALLAS","District",6666,0.002,"A","98",269375,1856,8.144779582,0.139
"DALLAS","District",32339,0.863,"B","84",269375,1856,8.144779582,0.139
"DALLAS","District",6978,0.832,"B","88",269375,1856,8.144779582,0.139
"DALLAS","District",38311,0.797,"B","85",269375,1856,8.144779582,0.139
"DALLAS","District",37358,0.559,"B","84",269375,1856,8.144779582,0.139
"DALLAS","District",2104,0.162,"A","93",269375,1856,8.144779582,0.139
"DALLAS","District",13107,0.089,"A","97",269375,1856,8.144779582,0.139
"DALLAS","District",24888,0.636,"B","88",269375,1856,8.144779582,0.139
"DALLAS","District",7112,0.657,"C","70",269375,1856,8.144779582,0.139
"DALLAS","District",20535,0.615,"B","86",269375,1856,8.144779582,0.139
"DALLAS","District",7339,0.721,"B","83",269375,1856,8.144779582,0.139
"DALLAS","District",96,0.615,"B","83",269375,1856,8.144779582,0.139
"DALLAS","District",1232,0.465,"C","79",269375,1856,8.144779582,0.139
"DALLAS","District",2226,0.565,"B","81",269375,1856,8.144779582,0.139
"DAWSON","District",1602,0.84,"B","81",1389,5,3.599712023,0.108
"DAWSON","District",246,0.63,"A","96",1389,5,3.599712023,0.108
"DAWSON","District",149,0.725,"Not Rated: Senate Bill 1365","56",1389,5,3.599712023,0.108
"DAWSON","District",259,0.224,"A","97",1389,5,3.599712023,0.108
"DEAF SMITH","District",3953,0.781,"C","73",2611,46,18.76675603,0.129
"DEAF SMITH","District",152,0.559,"A","94",2611,46,18.76675603,0.129
"DELTA","District",148,0.892,"B","82",420,1,2.380952381,0.111
"DELTA","District",847,0.662,"B","86",420,1,2.380952381,0.111
"DENTON","District",1574,0.365,"B","89",84628,689,10.42208253,0.1
"DENTON","District",695,0.97,"C","78",84628,689,10.42208253,0.1
"DENTON","District",2746,0.489,"B","87",84628,689,10.42208253,0.1
"DENTON","District",4314,0.058,"A","97",84628,689,10.42208253,0.1
"DENTON","District",27479,0.237,"B","89",84628,689,10.42208253,0.1
"DENTON","District",3999,0.441,"B","83",84628,689,10.42208253,0.1
"DENTON","District",8245,0.455,"C","79",84628,689,10.42208253,0.1
"DENTON","District",1344,0.038,"B","87",84628,689,10.42208253,0.1
"DENTON","District",553,0.038,"B","89",84628,689,10.42208253,0.1
"DENTON","District",31771,0.493,"B","86",84628,689,10.42208253,0.1
"DENTON","District",49113,0.336,"B","89",84628,689,10.42208253,0.1
"DENTON","District",1430,0.446,"B","87",84628,689,10.42208253,0.1
"DENTON","District",2217,0.328,"B","83",84628,689,10.42208253,0.1
"DENTON","District",3101,0.323,"B","89",84628,689,10.42208253,0.1
"DICKENS","District",221,0.548,"B","88",179,0,0,0.4
"DICKENS","District",86,0.802,"A","95",179,0,0,0.4
"DIMMIT","District",1920,0.774,"B","84",1119,12,10.72386059,0.096
"DONLEY","District",124,0.847,"A","95",270,3,11.11111111,0.105
"DONLEY","District",456,0.465,"B","84",270,3,11.11111111,0.105
"DUVAL","District",26,0.962,"C","74",1205,16,13.2780083,0.24
"DUVAL","District",233,0.893,"C","76",1205,16,13.2780083,0.24
"DUVAL","District",760,0.799,"B","88",1205,16,13.2780083,0.24
"DUVAL","District",1453,0.875,"B","88",1205,16,13.2780083,0.24
"EASTLAND","District",812,0.6,"B","89",1571,14,9.548058561,0.229
"EASTLAND","District",1078,0.582,"B","84",1571,14,9.548058561,0.229
"EASTLAND","District",333,0.769,"C","78",1571,14,9.548058561,0.229
"EASTLAND","District",191,0.618,"B","86",1571,14,9.548058561,0.229
"EASTLAND","District",265,0.657,"B","87",1571,14,9.548058561,0.229
"ECTOR","District",1371,0.085,"C","78",17214,353,25.56059022,0.192
"ECTOR","District",31762,0.621,"B","82",17214,353,25.56059022,0.192
"ECTOR","District",763,0.245,"B","86",17214,353,25.56059022,0.192
"EDWARDS","District",257,0.681,"B","80",164,1,6.097560976,0
"EDWARDS","District",254,0.657,"A","91",164,1,6.097560976,0
"EL PASO","District",1376,0.486,"A","91",94461,660,9.061940907,0.145
"EL PASO","District",198,0.924,"Not Rated: Data Under Review","100",94461,660,9.061940907,0.145
"EL PASO","District",272,0.713,"A","98",94461,660,9.061940907,0.145
"EL PASO","District",190,0.979,"A","93",94461,660,9.061940907,0.145
"EL PASO","District",340,0.568,"B","85",94461,660,9.061940907,0.145
"EL PASO","District",266,0.865,"Not Rated: Senate Bill 1365","59",94461,660,9.061940907,0.145
"EL PASO","District",4569,0.717,"A","92",94461,660,9.061940907,0.145
"EL PASO","District",50709,0.735,"B","87",94461,660,9.061940907,0.145
"EL PASO","District",1983,0.907,"B","85",94461,660,9.061940907,0.145
"EL PASO","District",3190,0.909,"B","87",94461,660,9.061940907,0.145
"EL PASO","District",10455,0.868,"B","86",94461,660,9.061940907,0.145
"EL PASO","District",798,0.703,"A","91",94461,660,9.061940907,0.145
"EL PASO","District",6076,0.61,"A","90",94461,660,9.061940907,0.145
"EL PASO","District",887,0.941,"B","84",94461,660,9.061940907,0.145
"EL PASO","District",47137,0.702,"B","88",94461,660,9.061940907,0.145
"EL PASO","District",37211,0.788,"A","91",94461,660,9.061940907,0.145
"ELLIS","District",2582,0.989,"Not Rated: Senate Bill 1365","67",18008,104,6.66370502,0.118
"ELLIS","District",5999,1,"B","85",18008,104,6.66370502,0.118
"ELLIS","District",2625,0.814,"B","88",18008,104,6.66370502,0.118
"ELLIS","District",647,0.649,"C","72",18008,104,6.66370502,0.118
"ELLIS","District",339,0.51,"B","81",18008,104,6.66370502,0.118
"ELLIS","District",238,0.731,"B","86",18008,104,6.66370502,0.118
"ELLIS","District",1252,0.529,"A","94",18008,104,6.66370502,0.118
"ELLIS","District",6287,0.518,"B","84",18008,104,6.66370502,0.118
"ELLIS","District",10391,0.281,"B","88",18008,104,6.66370502,0.118
"ELLIS","District",1176,0.395,"B","86",18008,104,6.66370502,0.118
"ELLIS","District",10065,0.466,"B","85",18008,104,6.66370502,0.118
"ERATH","District",6822,0.601,"Not Rated: Data Under Review","95",3516,10,3.412969283,0.089
"ERATH","District",94,0.883,"B","88",3516,10,3.412969283,0.089
"ERATH","District",236,0.733,"C","76",3516,10,3.412969283,0.089
"ERATH","District",3688,0.498,"A","91",3516,10,3.412969283,0.089
"ERATH","District",227,0.273,"C","76",3516,10,3.412969283,0.089
"ERATH","District",304,0.224,"A","90",3516,10,3.412969283,0.089
"ERATH","District",1087,0.681,"A","94",3516,10,3.412969283,0.089
"ERATH","District",118,0.508,"B","86",3516,10,3.412969283,0.089
"ERATH","District",284,0.44,"A","90",3516,10,3.412969283,0.089
"FALLS","District",546,0.874,"A","90",1508,16,11.93633952,0.124
"FALLS","District",882,0.992,"Not Rated: Data Under Review","86",1508,16,11.93633952,0.124
"FALLS","District",716,0.654,"B","88",1508,16,11.93633952,0.124
"FALLS","District",155,0.187,"A","95",1508,16,11.93633952,0.124
"FANNIN","District",1885,0.704,"C","77",2991,31,11.0330993,0.132
"FANNIN","District",328,0.341,"A","92",2991,31,11.0330993,0.132
"FANNIN","District",234,0.462,"C","78",2991,31,11.0330993,0.132
"FANNIN","District",825,0.453,"B","83",2991,31,11.0330993,0.132
"FANNIN","District",303,0.561,"B","89",2991,31,11.0330993,0.132
"FANNIN","District",725,0.234,"B","89",2991,31,11.0330993,0.132
"FANNIN","District",640,0.603,"A","93",2991,31,11.0330993,0.132
"FANNIN","District",517,0.412,"A","93",2991,31,11.0330993,0.132
"FAYETTE","District",629,0.52,"A","97",2094,29,14.80420248,0.167
"FAYETTE","District",1868,0.533,"B","87",2094,29,14.80420248,0.167
"FAYETTE","District",696,0.615,"B","88",2094,29,14.80420248,0.167
"FAYETTE","District",240,0.346,"A","95",2094,29,14.80420248,0.167
"FAYETTE","District",279,0.204,"Not Rated: Data Under Review","92",2094,29,14.80420248,0.167
"FISHER","District",329,0.538,"B","83",303,3,9.900990099,0.273
"FISHER","District",242,0.661,"A","93",303,3,9.900990099,0.273
"FLOYD","District",686,0.762,"B","86",676,7,14.79289941,0.182
"FLOYD","District",430,0.809,"B","81",676,7,14.79289941,0.182
"FOARD","District",192,0.729,"B","88",85,1,11.76470588,0.111
"FORT BEND","District",38877,0.495,"A","90",81093,587,8.533412255,0.152
"FORT BEND","District",3378,0.393,"A","94",81093,587,8.533412255,0.152
"FORT BEND","District",3511,0.741,"B","87",81093,587,8.533412255,0.152
"FORT BEND","District",76543,0.478,"B","89",81093,587,8.533412255,0.152
"FRANKLIN","District",1523,0.621,"A","90",1125,9,8.888888889,0.182
"FREESTONE","District",1681,0.613,"B","89",1773,9,5.076142132,0.084
"FREESTONE","District",520,0.644,"B","84",1773,9,5.076142132,0.084
"FREESTONE","District",133,0.654,"B","82",1773,9,5.076142132,0.084
"FREESTONE","District",1181,0.667,"A","92",1773,9,5.076142132,0.084
"FRIO","District",907,0.835,"B","85",1677,20,12.52236136,0.13
"FRIO","District",2031,0.858,"Not Rated: Data Under Review","85",1677,20,12.52236136,0.13
"GAINES","District",516,0.777,"B","82",2972,30,10.76716016,0.103
"GAINES","District",2957,0.559,"A","92",2972,30,10.76716016,0.103
"GAINES","District",150,0.473,"A","91",2972,30,10.76716016,0.103
"GALVESTON","District",1492,0.797,"B","89",30147,361,19.93564865,0.156
"GALVESTON","District",189,0.873,"A","91",30147,361,19.93564865,0.156
"GALVESTON","District",6650,0.793,"B","84",30147,361,19.93564865,0.156
"GALVESTON","District",158,0.582,"A","91",30147,361,19.93564865,0.156
"GALVESTON","District",7756,0.841,"B","85",30147,361,19.93564865,0.156
"GALVESTON","District",11901,0.643,"B","86",30147,361,19.93564865,0.156
"GALVESTON","District",4325,0.502,"B","84",30147,361,19.93564865,0.156
"GALVESTON","District",40235,0.356,"B","89",30147,361,19.93564865,0.156
"GALVESTON","District",6155,0.111,"A","97",30147,361,19.93564865,0.156
"GALVESTON","District",1715,0.799,"B","88",30147,361,19.93564865,0.156
"GARZA","District",784,0.71,"B","85",531,0,0,0.267
"GARZA","District",114,0.711,"C","74",531,0,0,0.267
"GILLESPIE","District",24,0,"B","89",1911,13,7.326007326,0.167
"GILLESPIE","District",3100,0.596,"C","78",1911,13,7.326007326,0.167
"GILLESPIE","District",559,0.338,"A","91",1911,13,7.326007326,0.167
"GLASSCOCK","District",293,0.174,"A","97",113,0,0,0
"GOLIAD","District",1283,0.537,"B","85",582,15,25.77319588,0.083
"GONZALES","District",2613,0.704,"B","81",2173,40,21.16889093,0.167
"GONZALES","District",1064,0.843,"B","87",2173,40,21.16889093,0.167
"GONZALES","District",304,0.957,"B","80",2173,40,21.16889093,0.167
"GRAY","District",185,0.589,"A","93",2570,55,24.51361868,0.156
"GRAY","District",3451,0.591,"B","85",2570,55,24.51361868,0.156
"GRAY","District",46,0.109,"B","82",2570,55,24.51361868,0.156
"GRAY","District",176,0.489,"C","78",2570,55,24.51361868,0.156
"GRAYSON","District",556,0.574,"C","77",11671,123,12.76668666,0.124
"GRAYSON","District",4674,0.593,"C","79",11671,123,12.76668666,0.124
"GRAYSON","District",1248,0.543,"A","91",11671,123,12.76668666,0.124
"GRAYSON","District",884,0.379,"A","96",11671,123,12.76668666,0.124
"GRAYSON","District",706,0.293,"B","89",11671,123,12.76668666,0.124
"GRAYSON","District",2046,0.232,"A","94",11671,123,12.76668666,0.124
"GRAYSON","District",1717,0.538,"B","80",11671,123,12.76668666,0.124
"GRAYSON","District",7698,0.744,"C","78",11671,123,12.76668666,0.124
"GRAYSON","District",1430,0.348,"B","88",11671,123,12.76668666,0.124
"GRAYSON","District",991,0.465,"B","87",11671,123,12.76668666,0.124
"GRAYSON","District",1113,0.999,"A","90",11671,123,12.76668666,0.124
"GRAYSON","District",657,0.546,"B","87",11671,123,12.76668666,0.124
"GRAYSON","District",755,0.465,"A","91",11671,123,12.76668666,0.124
"GREGG","District",141,0.27,"A","100",13113,107,9.608785175,0.119
"GREGG","District",3887,0.762,"B","86",13113,107,9.608785175,0.119
"GREGG","District",8223,0.852,"A","90",13113,107,9.608785175,0.119
"GREGG","District",4677,0.692,"B","84",13113,107,9.608785175,0.119
"GREGG","District",1703,0.757,"B","80",13113,107,9.608785175,0.119
"GREGG","District",2028,0.497,"A","95",13113,107,9.608785175,0.119
"GREGG","District",1458,0.432,"A","93",13113,107,9.608785175,0.119
"GREGG","District",1531,0.515,"A","93",13113,107,9.608785175,0.119
"GRIMES","District",886,0.413,"A","92",2324,23,10.32702238,0.177
"GRIMES","District",2953,0.792,"B","86",2324,23,10.32702238,0.177
"GRIMES","District",213,0.399,"B","82",2324,23,10.32702238,0.177
"GRIMES","District",539,0.358,"A","94",2324,23,10.32702238,0.177
"GUADALUPE","District",7039,0.685,"Not Rated: Senate Bill 1365","67",16301,179,13.12802896,0.177
"GUADALUPE","District",15875,0.325,"B","87",16301,179,13.12802896,0.177
"GUADALUPE","District",1471,0.422,"B","89",16301,179,13.12802896,0.177
"GUADALUPE","District",1971,0.278,"B","89",16301,179,13.12802896,0.177
"HALE","District",820,0.518,"A","92",4179,73,19.62191912,0.156
"HALE","District",99,0.626,"B","87",4179,73,19.62191912,0.156
"HALE","District",274,0.755,"A","96",4179,73,19.62191912,0.156
"HALE","District",4710,0.844,"B","85",4179,73,19.62191912,0.156
"HALE","District",597,0.672,"B","87",4179,73,19.62191912,0.156
"HALL","District",431,0.805,"B","87",297,2,10.1010101,0
"HALL","District",193,0.539,"A","94",297,2,10.1010101,0
"HAMILTON","District",603,0.526,"B","89",657,0,0,0.109
"HAMILTON","District",832,0.548,"A","90",657,0,0,0.109
"HANSFORD","District",418,0.392,"A","98",650,4,6.153846154,0.364
"HANSFORD","District",128,0.68,"B","86",650,4,6.153846154,0.364
"HANSFORD","District",783,0.6,"A","96",650,4,6.153846154,0.364
"HARDEMAN","District",199,0.839,"B","86",385,1,5.194805195,0.136
"HARDEMAN","District",497,0.7,"Not Rated: Data Under Review","91",385,1,5.194805195,0.136
"HARDIN","District",1125,0.59,"B","88",5744,57,13.9275766,0.108
"HARDIN","District",2602,0.378,"B","89",5744,57,13.9275766,0.108
"HARDIN","District",4188,0.362,"B","86",5744,57,13.9275766,0.108
"HARDIN","District",568,0.671,"B","87",5744,57,13.9275766,0.108
"HARDIN","District",2708,0.632,"C","74",5744,57,13.9275766,0.108
"HARRIS","District",1219,0.062,"B","89",477120,2356,7.76953387,0.149
"HARRIS","District",947,0.954,"B","83",477120,2356,7.76953387,0.149
"HARRIS","District",1563,0.967,"A","90",477120,2356,7.76953387,0.149
"HARRIS","District",4,0.25,"Not Rated",".",477120,2356,7.76953387,0.149
"HARRIS","District",217,1,"Not Rated",".",477120,2356,7.76953387,0.149
"HARRIS","District",1137,0.987,"B","89",477120,2356,7.76953387,0.149
"HARRIS","District",349,0.799,"B","89",477120,2356,7.76953387,0.149
"HARRIS","District",560,0.995,"A","95",477120,2356,7.76953387,0.149
"HARRIS","District",175,0.789,"A","90",477120,2356,7.76953387,0.149
"HARRIS","District",2082,0.89,"A","97",477120,2356,7.76953387,0.149
"HARRIS","District",304,0.464,"A","93",477120,2356,7.76953387,0.149
"HARRIS","District",1526,0.872,"B","83",477120,2356,7.76953387,0.149
"HARRIS","District",439,0.941,"B","83",477120,2356,7.76953387,0.149
"HARRIS","District",44,0.614,"C","75",477120,2356,7.76953387,0.149
"HARRIS","District",14557,0.9,"B","87",477120,2356,7.76953387,0.149
"HARRIS","District",3564,0.866,"A","92",477120,2356,7.76953387,0.149
"HARRIS","District",462,0.703,"C","77",477120,2356,7.76953387,0.149
"HARRIS","District",214,0.939,"A","95",477120,2356,7.76953387,0.149
"HARRIS","District",1722,0.99,"C","77",477120,2356,7.76953387,0.149
"HARRIS","District",272,0.89,"B","87",477120,2356,7.76953387,0.149
"HARRIS","District",692,1,"B","85",477120,2356,7.76953387,0.149
"HARRIS","District",5894,0.73,"A","92",477120,2356,7.76953387,0.149
"HARRIS","District",558,1,"A","94",477120,2356,7.76953387,0.149
"HARRIS","District",607,0.904,"B","86",477120,2356,7.76953387,0.149
"HARRIS","District",4086,0.609,"A","95",477120,2356,7.76953387,0.149
"HARRIS","District",169,0.917,"B","83",477120,2356,7.76953387,0.149
"HARRIS","District",397,0.94,"Not Rated: Senate Bill 1365","69",477120,2356,7.76953387,0.149
"HARRIS","District",1298,0.723,"A","92",477120,2356,7.76953387,0.149
"HARRIS","District",145,0.752,"B","88",477120,2356,7.76953387,0.149
"HARRIS","District",341,0.997,"B","85",477120,2356,7.76953387,0.149
"HARRIS","District",157,0.962,"B","83",477120,2356,7.76953387,0.149
"HARRIS","District",369,0.694,"B","85",477120,2356,7.76953387,0.149
"HARRIS","District",193,0.767,"Not Rated: Senate Bill 1365","44",477120,2356,7.76953387,0.149
"HARRIS","District",165,0.867,"Not Rated: Senate Bill 1365","59",477120,2356,7.76953387,0.149
"HARRIS","District",55,0.8,"Not Rated",".",477120,2356,7.76953387,0.149
"HARRIS","District",131,0.725,"Not Rated",".",477120,2356,7.76953387,0.149
"HARRIS","District",61528,0.899,"C","77",477120,2356,7.76953387,0.149
"HARRIS","District",40642,0.832,"B","81",477120,2356,7.76953387,0.149
"HARRIS","District",9503,0.787,"B","87",477120,2356,7.76953387,0.149
"HARRIS","District",6465,0.543,"B","84",477120,2356,7.76953387,0.149
"HARRIS","District",116913,0.576,"A","90",477120,2356,7.76953387,0.149
"HARRIS","District",12327,0.473,"A","90",477120,2356,7.76953387,0.149
"HARRIS","District",21400,0.885,"Not Rated: Data Under Review","91",477120,2356,7.76953387,0.149
"HARRIS","District",23833,0.717,"B","89",477120,2356,7.76953387,0.149
"HARRIS","District",193727,0.792,"B","88",477120,2356,7.76953387,0.149
"HARRIS","District",47477,0.414,"B","82",477120,2356,7.76953387,0.149
"HARRIS","District",88165,0.398,"A","91",477120,2356,7.76953387,0.149
"HARRIS","District",53059,0.512,"B","89",477120,2356,7.76953387,0.149
"HARRIS","District",6925,0.527,"B","87",477120,2356,7.76953387,0.149
"HARRIS","District",49255,0.794,"B","86",477120,2356,7.76953387,0.149
"HARRIS","District",33406,0.845,"B","81",477120,2356,7.76953387,0.149
"HARRIS","District",33474,0.568,"B","89",477120,2356,7.76953387,0.149
"HARRIS","District",20184,0.288,"A","95",477120,2356,7.76953387,0.149
"HARRIS","District",10565,0.867,"B","82",477120,2356,7.76953387,0.149
"HARRIS","District",3565,0.418,"B","86",477120,2356,7.76953387,0.149
"HARRIS","District",1009,0.987,"B","88",477120,2356,7.76953387,0.149
"HARRISON","District",5059,0.772,"B","82",7040,84,13.63636364,0.133
"HARRISON","District",845,0.664,"B","89",7040,84,13.63636364,0.133
"HARRISON","District",19079,0.538,"Not Rated: Data Under Review","66",7040,84,13.63636364,0.133
"HARRISON","District",134,0.903,"C","76",7040,84,13.63636364,0.133
"HARRISON","District",829,0.622,"A","92",7040,84,13.63636364,0.133
"HARRISON","District",711,0.468,"A","94",7040,84,13.63636364,0.133
"HARTLEY","District",163,0.687,"B","84",487,5,10.26694045,0
"HARTLEY","District",232,0.651,"A","97",487,5,10.26694045,0
"HASKELL","District",143,0.811,"B","86",447,2,13.42281879,0.182
"HASKELL","District",95,0.821,"A","92",447,2,13.42281879,0.182
"HASKELL","District",537,0.676,"A","90",447,2,13.42281879,0.182
"HAYS","District",74,0.041,"C","70",19211,257,15.51194628,0.133
"HAYS","District",281,0.993,"Not Rated: Data Under Review","43",19211,257,15.51194628,0.133
"HAYS","District",8136,0.778,"C","78",19211,257,15.51194628,0.133
"HAYS","District",7859,0.084,"A","93",19211,257,15.51194628,0.133
"HAYS","District",2606,0.309,"A","91",19211,257,15.51194628,0.133
"HAYS","District",21345,0.461,"B","87",19211,257,15.51194628,0.133
"HAYS","District",120,0.575,"A","92",19211,257,15.51194628,0.133
"HEMPHILL","District",839,0.403,"A","95",470,8,17.0212766,0
"HENDERSON","District",2955,0.791,"B","87",7015,86,14.2551675,0.127
"HENDERSON","District",2584,0.596,"B","86",7015,86,14.2551675,0.127
"HENDERSON","District",1650,0.691,"B","87",7015,86,14.2551675,0.127
"HENDERSON","District",1420,0.648,"A","95",7015,86,14.2551675,0.127
"HENDERSON","District",153,0.824,"B","81",7015,86,14.2551675,0.127
"HENDERSON","District",538,0.539,"B","88",7015,86,14.2551675,0.127
"HENDERSON","District",491,0.523,"B","83",7015,86,14.2551675,0.127
"HENDERSON","District",179,0.682,"Not Rated: Senate Bill 1365","69",7015,86,14.2551675,0.127
"HIDALGO","District",484,0.917,"Not Rated: Data Under Review","100",110073,796,9.366511315,0.159
"HIDALGO","District",67988,0.833,"B","89",110073,796,9.366511315,0.159
"HIDALGO","District",5364,0.763,"A","93",110073,796,9.366511315,0.159
"HIDALGO","District",1392,0.709,"C","79",110073,796,9.366511315,0.159
"HIDALGO","District",13060,0.946,"B","86",110073,796,9.366511315,0.159
"HIDALGO","District",4140,0.931,"B","83",110073,796,9.366511315,0.159
"HIDALGO","District",32043,0.822,"A","91",110073,796,9.366511315,0.159
"HIDALGO","District",301,0.857,"B","81",110073,796,9.366511315,0.159
"HIDALGO","District",20282,0.738,"A","95",110073,796,9.366511315,0.159
"HIDALGO","District",4416,0.935,"B","85",110073,796,9.366511315,0.159
"HIDALGO","District",13838,0.86,"Not Rated: Data Under Review","89",110073,796,9.366511315,0.159
"HIDALGO","District",2836,0.886,"A","90",110073,796,9.366511315,0.159
"HIDALGO","District",1393,0.999,"B","87",110073,796,9.366511315,0.159
"HIDALGO","District",9481,0.658,"A","97",110073,796,9.366511315,0.159
"HIDALGO","District",24024,0.932,"B","88",110073,796,9.366511315,0.159
"HIDALGO","District",15581,0.822,"B","89",110073,796,9.366511315,0.159
"HIDALGO","District",557,0.926,"Not Rated: Senate Bill 1365","69",110073,796,9.366511315,0.159
"HIDALGO","District",890,0.931,"B","88",110073,796,9.366511315,0.159
"HIDALGO","District",3789,0.969,"A","92",110073,796,9.366511315,0.159
"HIDALGO","District",29242,0.915,"A","91",110073,796,9.366511315,0.159
"HILL","District",282,0.248,"A","97",3366,36,13.36898396,0.135
"HILL","District",301,0.505,"B","86",3366,36,13.36898396,0.135
"HILL","District",1930,0.745,"B","89",3366,36,13.36898396,0.135
"HILL","District",440,0.55,"B","84",3366,36,13.36898396,0.135
"HILL","District",181,0.58,"A","93",3366,36,13.36898396,0.135
"HILL","District",153,0.915,"Not Rated: Senate Bill 1365","69",3366,36,13.36898396,0.135
"HILL","District",193,0.72,"B","82",3366,36,13.36898396,0.135
"HILL","District",1474,0.639,"C","77",3366,36,13.36898396,0.135
"HILL","District",335,0.543,"A","91",3366,36,13.36898396,0.135
"HILL","District",344,0.605,"B","87",3366,36,13.36898396,0.135
"HILL","District",198,0.576,"B","86",3366,36,13.36898396,0.135
"HILL","District",628,0.718,"B","85",3366,36,13.36898396,0.135
"HOCKLEY","District",182,0.802,"B","85",2470,18,8.906882591,0.238
"HOCKLEY","District",2746,0.733,"B","86",2470,18,8.906882591,0.238
"HOCKLEY","District",416,0.51,"A","90",2470,18,8.906882591,0.238
"HOCKLEY","District",576,0.5,"B","89",2470,18,8.906882591,0.238
"HOCKLEY","District",236,0.547,"A","94",2470,18,8.906882591,0.238
"HOCKLEY","District",514,0.354,"A","94",2470,18,8.906882591,0.238
"HOOD","District",7712,0.52,"B","82",4423,68,19.44381641,0.129
"HOOD","District",447,0.51,"A","90",4423,68,19.44381641,0.129
"HOOD","District",847,0.453,"A","92",4423,68,19.44381641,0.129
"HOOD","District",51,1,"Not Rated",".",4423,68,19.44381641,0.129
"HOPKINS","District",4329,0.597,"B","88",3585,43,13.66806137,0.105
"HOPKINS","District",435,0.598,"B","86",3585,43,13.66806137,0.105
"HOPKINS","District",535,0.622,"A","90",3585,43,13.66806137,0.105
"HOPKINS","District",724,0.653,"B","84",3585,43,13.66806137,0.105
"HOPKINS","District",244,0.594,"A","90",3585,43,13.66806137,0.105
"HOPKINS","District",202,0.45,"B","83",3585,43,13.66806137,0.105
"HOPKINS","District",299,0.535,"A","91",3585,43,13.66806137,0.105
"HOUSTON","District",631,0.639,"B","87",1916,20,14.61377871,0.072
"HOUSTON","District",504,0.53,"B","89",1916,20,14.61377871,0.072
"HOUSTON","District",488,0.484,"A","90",1916,20,14.61377871,0.072
"HOUSTON","District",1190,0.925,"C","79",1916,20,14.61377871,0.072
"HOUSTON","District",246,0.618,"A","95",1916,20,14.61377871,0.072
"HOWARD","District",1084,0.378,"C","79",3179,71,27.36709657,0.151
"HOWARD","District",764,0.338,"A","90",3179,71,27.36709657,0.151
"HOWARD","District",3629,0.74,"C","76",3179,71,27.36709657,0.151
"HUDSPETH","District",400,0.883,"B","89",339,0,0,0.13
"HUDSPETH","District",66,0.773,"A","90",339,0,0,0.13
"HUDSPETH","District",118,0.771,"B","86",339,0,0,0.13
"HUNT","District",2227,0.35,"A","95",9165,92,11.89307147,0.171
"HUNT","District",483,0.551,"B","88",9165,92,11.89307147,0.171
"HUNT","District",5320,0.75,"C","76",9165,92,11.89307147,0.171
"HUNT","District",1025,0.482,"A","92",9165,92,11.89307147,0.171
"HUNT","District",2575,0.737,"B","80",9165,92,11.89307147,0.171
"HUNT","District",1440,0.711,"B","84",9165,92,11.89307147,0.171
"HUNT","District",303,0.63,"C","71",9165,92,11.89307147,0.171
"HUNT","District",761,0.51,"A","90",9165,92,11.89307147,0.171
"HUNT","District",529,0.996,"B","88",9165,92,11.89307147,0.171
"HUNT","District",701,0.529,"B","89",9165,92,11.89307147,0.171
"HUTCHINSON","District",2493,0.55,"B","84",2272,39,22.88732394,0.146
"HUTCHINSON","District",621,0.454,"A","90",2272,39,22.88732394,0.146
"HUTCHINSON","District",96,0.438,"B","87",2272,39,22.88732394,0.146
"HUTCHINSON","District",692,0.405,"B","81",2272,39,22.88732394,0.146
"IRION","District",334,0.389,"A","95",94,4,42.55319149,0
"JACK","District",1077,0.686,"B","86",696,1,1.436781609,0.208
"JACK","District",322,0.516,"A","90",696,1,1.436781609,0.208
"JACK","District",252,0.587,"A","91",696,1,1.436781609,0.208
"JACKSON","District",1549,0.612,"B","89",1397,26,24.33786686,0.061
"JACKSON","District",1156,0.322,"A","96",1397,26,24.33786686,0.061
"JACKSON","District",736,0.563,"B","87",1397,26,24.33786686,0.061
"JASPER","District",1483,0.46,"B","80",3461,22,8.668015025,0.204
"JASPER","District",2166,0.801,"Not Rated: Senate Bill 1365","67",3461,22,8.668015025,0.204
"JASPER","District",1450,0.692,"B","83",3461,22,8.668015025,0.204
"JASPER","District",369,0.507,"B","89",3461,22,8.668015025,0.204
"JASPER","District",397,0.398,"A","91",3461,22,8.668015025,0.204
"JEFF DAVIS","District",176,0.517,"B","80",124,0,0,0.5
"JEFF DAVIS","District",35,0.6,"A","90",124,0,0,0.5
"JEFFERSON","District",366,0.904,"B","84",24749,200,11.15196574,0.134
"JEFFERSON","District",2362,0.876,"A","92",24749,200,11.15196574,0.134
"JEFFERSON","District",4983,0.458,"A","90",24749,200,11.15196574,0.134
"JEFFERSON","District",7840,0.846,"C","78",24749,200,11.15196574,0.134
"JEFFERSON","District",507,0.878,"B","82",24749,200,11.15196574,0.134
"JEFFERSON","District",16729,0.816,"Not Rated: Senate Bill 1365","67",24749,200,11.15196574,0.134
"JEFFERSON","District",365,0.515,"B","89",24749,200,11.15196574,0.134
"JEFFERSON","District",1953,0.382,"C","78",24749,200,11.15196574,0.134
"JEFFERSON","District",5186,0.394,"B","81",24749,200,11.15196574,0.134
"JIM HOGG","District",1076,0.873,"A","91",604,0,0,0.136
"JIM WELLS","District",495,0.802,"B","88",4656,117,32.43127148,0.142
"JIM WELLS","District",1770,0.599,"A","94",4656,117,32.43127148,0.142
"JIM WELLS","District",695,0.922,"B","88",4656,117,32.43127148,0.142
"JIM WELLS","District",4359,0.847,"C","76",4656,117,32.43127148,0.142
"JIM WELLS","District",94,0.574,"B","88",4656,117,32.43127148,0.142
"JOHNSON","District",3595,0.582,"C","76",17345,172,12.16488902,0.143
"JOHNSON","District",12693,0.324,"B","86",17345,172,12.16488902,0.143
"JOHNSON","District",7036,0.704,"B","85",17345,172,12.16488902,0.143
"JOHNSON","District",5862,0.532,"A","91",17345,172,12.16488902,0.143
"JOHNSON","District",1016,0.665,"B","89",17345,172,12.16488902,0.143
"JOHNSON","District",817,0.632,"B","87",17345,172,12.16488902,0.143
"JOHNSON","District",2300,0.752,"B","83",17345,172,12.16488902,0.143
"JOHNSON","District",2598,0.409,"Not Rated: Data Under Review","82",17345,172,12.16488902,0.143
"JOHNSON","District",1364,0.391,"A","92",17345,172,12.16488902,0.143
"JONES","District",739,0.625,"B","87",1448,8,5.524861878,0.105
"JONES","District",430,0.681,"B","85",1448,8,5.524861878,0.105
"JONES","District",765,0.519,"C","75",1448,8,5.524861878,0.105
"JONES","District",620,0.665,"A","90",1448,8,5.524861878,0.105
"JONES","District",96,0.823,"A","90",1448,8,5.524861878,0.105
"KARNES","District",1048,0.706,"B","85",1110,18,18.91891892,0.057
"KARNES","District",733,0.825,"B","87",1110,18,18.91891892,0.057
"KARNES","District",428,0.241,"A","97",1110,18,18.91891892,0.057
"KARNES","District",217,0.862,"C","77",1110,18,18.91891892,0.057
"KAUFMAN","District",14314,0.355,"B","81",13430,184,15.26433358,0.124
"KAUFMAN","District",4093,0.768,"A","91",13430,184,15.26433358,0.124
"KAUFMAN","District",1689,0.647,"C","77",13430,184,15.26433358,0.124
"KAUFMAN","District",5439,0.573,"B","84",13430,184,15.26433358,0.124
"KAUFMAN","District",4962,0.748,"B","84",13430,184,15.26433358,0.124
"KAUFMAN","District",1083,0.42,"B","87",13430,184,15.26433358,0.124
"KAUFMAN","District",3653,0.666,"A","91",13430,184,15.26433358,0.124
"KENDALL","District",79,0.873,"Not Rated: Senate Bill 1365","60",3098,43,14.52550032,0.137
"KENDALL","District",1067,0.522,"B","83",3098,43,14.52550032,0.137
"KENDALL","District",10268,0.169,"A","94",3098,43,14.52550032,0.137
"KENEDY","District",101,0.505,"B","86",37,0,0,0
"KENT","District",169,0.402,"A","93",52,0,0,0
"KERR","District",208,0.486,"B","87",3952,64,22.26720648,0.123
"KERR","District",4808,0.536,"B","86",3952,64,22.26720648,0.123
"KERR","District",1172,0.691,"A","96",3952,64,22.26720648,0.123
"KERR","District",32,0.5,"B","80",3952,64,22.26720648,0.123
"KERR","District",535,0.68,"B","87",3952,64,22.26720648,0.123
"KIMBLE","District",639,0.64,"B","88",325,4,12.30769231,0.059
"KING","District",132,0.197,"A","97",15,0,0,0
"KINNEY","District",531,0.618,"B","89",248,9,36.29032258,0.045
"KLEBERG","District",2799,0.794,"C","78",3451,70,34.19298754,0.087
"KLEBERG","District",478,0.682,"A","91",3451,70,34.19298754,0.087
"KLEBERG","District",781,0.43,"A","94",3451,70,34.19298754,0.087
"KLEBERG","District",622,0.571,"A","90",3451,70,34.19298754,0.087
"KNOX","District",228,0.667,"B","85",385,1,2.597402597,0.333
"KNOX","District",133,0.752,"A","95",385,1,2.597402597,0.333
"KNOX","District",379,0.591,"B","88",385,1,2.597402597,0.333
"LAMAR","District",1145,0.456,"A","90",4777,37,9.420138162,0.139
"LAMAR","District",3807,0.784,"B","87",4777,37,9.420138162,0.139
"LAMAR","District",2380,0.543,"C","79",4777,37,9.420138162,0.139
"LAMAR","District",1089,0.519,"B","88",4777,37,9.420138162,0.139
"LAMB","District",126,0.905,"B","87",1561,15,9.609224856,0.139
"LAMB","District",1233,0.753,"Not Rated: Data Under Review","89",1561,15,9.609224856,0.139
"LAMB","District",582,0.648,"B","86",1561,15,9.609224856,0.139
"LAMB","District",483,0.561,"A","94",1561,15,9.609224856,0.139
"LAMB","District",296,0.703,"Not Rated: Data Under Review","87",1561,15,9.609224856,0.139
"LAMPASAS","District",3403,0.604,"A","92",1873,40,24.02562734,0.228
"LAMPASAS","District",317,0.779,"B","87",1873,40,24.02562734,0.228
"LAVACA","District",1147,0.398,"A","90",1670,18,11.37724551,0.157
"LAVACA","District",308,0.565,"A","92",1670,18,11.37724551,0.157
"LAVACA","District",704,0.27,"A","96",1670,18,11.37724551,0.157
"LAVACA","District",111,0.477,"B","86",1670,18,11.37724551,0.157
"LAVACA","District",136,0.221,"A","96",1670,18,11.37724551,0.157
"LAVACA","District",94,0.574,"B","83",1670,18,11.37724551,0.157
"LEE","District",1920,0.685,"A","90",1526,15,9.829619921,0.078
"LEE","District",1093,0.377,"A","91",1526,15,9.829619921,0.078
"LEE","District",181,0.696,"C","78",1526,15,9.829619921,0.078
"LEON","District",1024,0.689,"A","93",1536,7,5.859375,0.082
"LEON","District",711,0.504,"B","88",1536,7,5.859375,0.082
"LEON","District",625,0.466,"B","88",1536,7,5.859375,0.082
"LEON","District",233,0.88,"B","82",1536,7,5.859375,0.082
"LEON","District",717,0.558,"A","92",1536,7,5.859375,0.082
"LIBERTY","District",10851,0.935,"B","80",8115,82,11.33703019,0.185
"LIBERTY","District",5603,0.646,"C","72",8115,82,11.33703019,0.185
"LIBERTY","District",216,0.292,"A","96",8115,82,11.33703019,0.185
"LIBERTY","District",1280,0.585,"Not Rated: Data Under Review","87",8115,82,11.33703019,0.185
"LIBERTY","District",433,0.767,"C","78",8115,82,11.33703019,0.185
"LIBERTY","District",2244,0.624,"B","85",8115,82,11.33703019,0.185
"LIBERTY","District",1809,0.499,"B","88",8115,82,11.33703019,0.185
"LIMESTONE","District",302,0.821,"A","93",2195,20,12.75626424,0.085
"LIMESTONE","District",1543,0.645,"B","84",2195,20,12.75626424,0.085
"LIMESTONE","District",1855,0.842,"B","85",2195,20,12.75626424,0.085
"LIPSCOMB","District",355,0.71,"A","91",346,0,0,0
"LIPSCOMB","District",176,0.58,"B","85",346,0,0,0
"LIPSCOMB","District",149,0.631,"B","81",346,0,0,0
"LIVE OAK","District",1036,0.561,"A","92",800,4,6.25,0.263
"LIVE OAK","District",573,0.665,"C","79",800,4,6.25,0.263
"LLANO","District",1881,0.653,"A","91",1213,21,17.31244847,0.162
"LUBBOCK","District",977,0,"A","98",29429,660,29.7665568,0.204
"LUBBOCK","District",305,0.852,"A","95",29429,660,29.7665568,0.204
"LUBBOCK","District",178,0.871,"Not Rated: Data Under Review","87",29429,660,29.7665568,0.204
"LUBBOCK","District",185,0.724,"Not Rated: Senate Bill 1365","59",29429,660,29.7665568,0.204
"LUBBOCK","District",25551,0.722,"B","87",29429,660,29.7665568,0.204
"LUBBOCK","District",725,0.705,"B","89",29429,660,29.7665568,0.204
"LUBBOCK","District",1279,0.75,"B","87",29429,660,29.7665568,0.204
"LUBBOCK","District",7575,0.372,"Not Rated: Data Under Review","95",29429,660,29.7665568,0.204
"LUBBOCK","District",10860,0.484,"A","92",29429,660,29.7665568,0.204
"LUBBOCK","District",1110,0.776,"B","85",29429,660,29.7665568,0.204
"LUBBOCK","District",1745,0.364,"A","97",29429,660,29.7665568,0.204
"LUBBOCK","District",1003,0.323,"A","94",29429,660,29.7665568,0.204
"LYNN","District",296,0.696,"B","88",598,11,18.39464883,0.169
"LYNN","District",597,0.615,"A","93",598,11,18.39464883,0.169
"LYNN","District",586,0.131,"A","97",598,11,18.39464883,0.169
"LYNN","District",126,0.833,"B","84",598,11,18.39464883,0.169
"MADISON","District",2315,0.734,"Not Rated: Data Under Review","93",1150,6,5.217391304,0.106
"MADISON","District",315,0.635,"A","91",1150,6,5.217391304,0.106
"MARION","District",1160,0.74,"C","72",729,7,9.602194787,0.225
"MARTIN","District",1101,0.565,"B","89",550,0,0,0.077
"MARTIN","District",249,0.197,"A","97",550,0,0,0.077
"MASON","District",755,0.507,"A","93",287,5,17.42160279,0.364
"MATAGORDA","District",3508,0.792,"B","88",3652,38,12.32201533,0.12
"MATAGORDA","District",1007,0.591,"A","90",3652,38,12.32201533,0.12
"MATAGORDA","District",101,0.723,"C","74",3652,38,12.32201533,0.12
"MATAGORDA","District",1320,0.705,"B","88",3652,38,12.32201533,0.12
"MATAGORDA","District",1077,0.553,"B","89",3652,38,12.32201533,0.12
"MAVERICK","District",13358,0.831,"B","87",7013,45,7.699985741,0.063
"MCCULLOCH","District",960,0.694,"A","90",739,7,10.82543978,0.158
"MCCULLOCH","District",194,0.608,"A","99",739,7,10.82543978,0.158
"MCCULLOCH","District",125,0.68,"Not Rated: Senate Bill 1365","59",739,7,10.82543978,0.158
"MCLENNAN","District",193,0.865,"C","78",23846,352,20.46464816,0.156
"MCLENNAN","District",855,0.753,"B","89",23846,352,20.46464816,0.156
"MCLENNAN","District",9866,0.665,"A","90",23846,352,20.46464816,0.156
"MCLENNAN","District",558,0.167,"B","89",23846,352,20.46464816,0.156
"MCLENNAN","District",8394,0.326,"A","96",23846,352,20.46464816,0.156
"MCLENNAN","District",3089,0.925,"B","87",23846,352,20.46464816,0.156
"MCLENNAN","District",1764,0.283,"A","97",23846,352,20.46464816,0.156
"MCLENNAN","District",533,0.709,"B","89",23846,352,20.46464816,0.156
"MCLENNAN","District",1492,0.624,"B","85",23846,352,20.46464816,0.156
"MCLENNAN","District",687,0.626,"B","87",23846,352,20.46464816,0.156
"MCLENNAN","District",620,0.511,"A","93",23846,352,20.46464816,0.156
"MCLENNAN","District",14066,0.906,"C","75",23846,352,20.46464816,0.156
"MCLENNAN","District",1234,0.41,"A","92",23846,352,20.46464816,0.156
"MCLENNAN","District",757,0.473,"A","90",23846,352,20.46464816,0.156
"MCLENNAN","District",609,0.557,"B","85",23846,352,20.46464816,0.156
"MCLENNAN","District",2951,0.348,"A","94",23846,352,20.46464816,0.156
"MCLENNAN","District",2270,0.837,"B","84",23846,352,20.46464816,0.156
"MCLENNAN","District",2400,0.421,"A","90",23846,352,20.46464816,0.156
"MCLENNAN","District",699,0.396,"A","93",23846,352,20.46464816,0.156
"MCLENNAN","District",162,0.506,"B","81",23846,352,20.46464816,0.156
"MCLENNAN","District",231,0.684,"B","87",23846,352,20.46464816,0.156
"MCMULLEN","District",283,0.276,"A","97",42,2,47.61904762,0
"MEDINA","District",1961,0.629,"B","81",4674,51,11.55327343,0.11
"MEDINA","District",296,0.449,"B","87",4674,51,11.55327343,0.11
"MEDINA","District",1143,0.731,"B","88",4674,51,11.55327343,0.11
"MEDINA","District",1767,0.595,"B","88",4674,51,11.55327343,0.11
"MEDINA","District",6757,0.478,"A","95",4674,51,11.55327343,0.11
"MENARD","District",297,0.69,"B","89",180,2,11.11111111,0
"MIDLAND","District",363,0.405,"A","93",16039,278,22.50763763,0.14
"MIDLAND","District",26387,0.505,"B","80",16039,278,22.50763763,0.14
"MIDLAND","District",3081,0.334,"B","89",16039,278,22.50763763,0.14
"MILAM","District",1569,0.751,"Not Rated: Data Under Review","87",2402,54,29.14238135,0.177
"MILAM","District",163,0.681,"B","87",2402,54,29.14238135,0.177
"MILAM","District",409,0.494,"A","94",2402,54,29.14238135,0.177
"MILAM","District",1416,0.71,"B","82",2402,54,29.14238135,0.177
"MILAM","District",594,0.48,"B","86",2402,54,29.14238135,0.177
"MILAM","District",140,0.879,"B","83",2402,54,29.14238135,0.177
"MILLS","District",532,0.419,"A","94",432,2,4.62962963,0.1
"MILLS","District",195,0.897,"A","92",432,2,4.62962963,0.1
"MILLS","District",123,0.78,"B","88",432,2,4.62962963,0.1
"MITCHELL","District",872,0.625,"B","87",660,2,6.060606061,0.216
"MITCHELL","District",133,0.617,"B","81",660,2,6.060606061,0.216
"MITCHELL","District",258,0.411,"B","89",660,2,6.060606061,0.216
"MONTAGUE","District",1685,0.535,"B","82",1759,16,9.664582149,0.163
"MONTAGUE","District",805,0.588,"B","86",1759,16,9.664582149,0.163
"MONTAGUE","District",144,0.66,"B","80",1759,16,9.664582149,0.163
"MONTAGUE","District",148,0.385,"A","96",1759,16,9.664582149,0.163
"MONTAGUE","District",147,0.585,"A","94",1759,16,9.664582149,0.163
"MONTAGUE","District",175,0.48,"B","88",1759,16,9.664582149,0.163
"MONTAGUE","District",322,0.438,"A","91",1759,16,9.664582149,0.163
"MONTGOMERY","District",341,0.792,"Not Rated: Senate Bill 1365","59",56982,927,19.44473693,0.164
"MONTGOMERY","District",67490,0.405,"B","89",56982,927,19.44473693,0.164
"MONTGOMERY","District",9328,0.314,"A","93",56982,927,19.44473693,0.164
"MONTGOMERY","District",8395,0.569,"C","76",56982,927,19.44473693,0.164
"MONTGOMERY","District",13613,0.49,"A","91",56982,927,19.44473693,0.164
"MONTGOMERY","District",4362,0.608,"B","81",56982,927,19.44473693,0.164
"MONTGOMERY","District",17098,0.672,"B","84",56982,927,19.44473693,0.164
"MOORE","District",4268,0.656,"B","87",3043,40,15.44528426,0.118
"MOORE","District",618,0.44,"A","90",3043,40,15.44528426,0.118
"MORRIS","District",994,0.865,"B","89",1165,7,9.442060086,0.127
"MORRIS","District",866,0.738,"A","90",1165,7,9.442060086,0.127
"MOTLEY","District",157,0.732,"A","90",88,0,0,0.4
"NACOGDOCHES","District",256,0.094,"A","97",6811,58,10.57113493,0.18
"NACOGDOCHES","District",407,0.639,"B","86",6811,58,10.57113493,0.18
"NACOGDOCHES","District",554,0.612,"Not Rated: Data Under Review","91",6811,58,10.57113493,0.18
"NACOGDOCHES","District",748,0.631,"B","89",6811,58,10.57113493,0.18
"NACOGDOCHES","District",5883,0.83,"C","77",6811,58,10.57113493,0.18
"NACOGDOCHES","District",759,0.565,"A","94",6811,58,10.57113493,0.18
"NACOGDOCHES","District",1137,0.43,"A","95",6811,58,10.57113493,0.18
"NACOGDOCHES","District",344,0.515,"B","83",6811,58,10.57113493,0.18
"NACOGDOCHES","District",93,0.871,"B","82",6811,58,10.57113493,0.18
"NACOGDOCHES","District",456,0.414,"B","84",6811,58,10.57113493,0.18
"NAVARRO","District",903,0.566,"B","89",5273,71,19.53347241,0.125
"NAVARRO","District",5996,0.718,"B","81",5273,71,19.53347241,0.125
"NAVARRO","District",525,0.596,"B","89",5273,71,19.53347241,0.125
"NAVARRO","District",435,0.43,"C","76",5273,71,19.53347241,0.125
"NAVARRO","District",552,0.743,"B","86",5273,71,19.53347241,0.125
"NAVARRO","District",831,0.467,"B","88",5273,71,19.53347241,0.125
"NAVARRO","District",993,0.798,"A","93",5273,71,19.53347241,0.125
"NEWTON","District",232,0.845,"B","80",1130,3,2.654867257,0.161
"NEWTON","District",958,0.76,"B","86",1130,3,2.654867257,0.161
"NEWTON","District",529,0.577,"B","81",1130,3,2.654867257,0.161
"NOLAN","District",3076,0.629,"B","85",1591,72,52.16844752,0.18
"NOLAN","District",2052,0.723,"Not Rated: Data Under Review","85",1591,72,52.16844752,0.18
"NOLAN","District",155,0.394,"B","89",1591,72,52.16844752,0.18
"NOLAN","District",225,0.258,"A","97",1591,72,52.16844752,0.18
"NUECES","District",166,0.952,"B","87",33740,531,23.1772377,0.161
"NUECES","District",121,0.198,"Not Rated: Senate Bill 1365","69",33740,531,23.1772377,0.161
"NUECES","District",495,0,"B","89",33740,531,23.1772377,0.161
"NUECES","District",400,0.775,"B","88",33740,531,23.1772377,0.161
"NUECES","District",1457,0.637,"A","93",33740,531,23.1772377,0.161
"NUECES","District",3856,0.519,"B","88",33740,531,23.1772377,0.161
"NUECES","District",33107,0.73,"B","85",33740,531,23.1772377,0.161
"NUECES","District",272,0.912,"B","89",33740,531,23.1772377,0.161
"NUECES","District",1427,0.144,"A","95",33740,531,23.1772377,0.161
"NUECES","District",524,0.29,"A","97",33740,531,23.1772377,0.161
"NUECES","District",2479,0.902,"B","85",33740,531,23.1772377,0.161
"NUECES","District",3745,0.634,"B","87",33740,531,23.1772377,0.161
"NUECES","District",858,0.607,"A","93",33740,531,23.1772377,0.161
"NUECES","District",5523,0.487,"A","90",33740,531,23.1772377,0.161
"NUECES","District",1964,0.991,"B","84",33740,531,23.1772377,0.161
"OCHILTREE","District",2046,0.618,"A","91",1484,13,9.433962264,0.242
"OLDHAM","District",178,0.708,"Not Rated",".",153,0,0,0
"OLDHAM","District",368,0.228,"A","97",153,0,0,0
"OLDHAM","District",113,0.637,"Not Rated: Data Under Review","89",153,0,0,0
"OLDHAM","District",230,0.265,"B","87",153,0,0,0
"ORANGE","District",3090,0.409,"B","82",8160,51,7.720588235,0.117
"ORANGE","District",1843,0.307,"B","82",8160,51,7.720588235,0.117
"ORANGE","District",2555,0.905,"B","82",8160,51,7.720588235,0.117
"ORANGE","District",4254,0.581,"B","85",8160,51,7.720588235,0.117
"ORANGE","District",3223,0.505,"B","81",8160,51,7.720588235,0.117
"PALO PINTO","District",264,0.564,"B","82",2829,19,7.069635914,0.212
"PALO PINTO","District",321,0.526,"B","85",2829,19,7.069635914,0.212
"PALO PINTO","District",3228,0.748,"B","87",2829,19,7.069635914,0.212
"PALO PINTO","District",496,0.401,"A","97",2829,19,7.069635914,0.212
"PALO PINTO","District",162,0.642,"B","85",2829,19,7.069635914,0.212
"PALO PINTO","District",84,0.5,"A","93",2829,19,7.069635914,0.212
"PANOLA","District",209,0.297,"B","85",2319,11,6.03708495,0.085
"PANOLA","District",686,0.31,"A","96",2319,11,6.03708495,0.085
"PANOLA","District",2668,0.592,"B","89",2319,11,6.03708495,0.085
"PANOLA","District",487,0.495,"B","82",2319,11,6.03708495,0.085
"PARKER","District",149,0.477,"A","99",13237,148,13.06942661,0.144
"PARKER","District",644,0.557,"B","89",13237,148,13.06942661,0.144
"PARKER","District",3883,0.497,"C","76",13237,148,13.06942661,0.144
"PARKER","District",8005,0.475,"B","86",13237,148,13.06942661,0.144
"PARKER","District",1100,0.46,"A","91",13237,148,13.06942661,0.144
"PARKER","District",7325,0.133,"A","94",13237,148,13.06942661,0.144
"PARKER","District",1622,0.257,"B","85",13237,148,13.06942661,0.144
"PARKER","District",2002,0.069,"A","97",13237,148,13.06942661,0.144
"PARKER","District",244,0.549,"B","85",13237,148,13.06942661,0.144
"PARMER","District",458,0.843,"A","90",1380,1,1.449275362,0.118
"PARMER","District",585,0.496,"B","89",1380,1,1.449275362,0.118
"PARMER","District",1078,0.729,"B","88",1380,1,1.449275362,0.118
"PARMER","District",164,0.689,"B","84",1380,1,1.449275362,0.118
"PECOS","District",240,0.492,"B","89",1654,30,19.95163241,0.19
"PECOS","District",2230,0.751,"B","81",1654,30,19.95163241,0.19
"PECOS","District",323,0.57,"B","85",1654,30,19.95163241,0.19
"POLK","District",529,0.586,"B","88",3766,55,17.25969198,0.184
"POLK","District",244,0.828,"C","74",3766,55,17.25969198,0.184
"POLK","District",817,0.738,"A","90",3766,55,17.25969198,0.184
"POLK","District",219,0.822,"B","82",3766,55,17.25969198,0.184
"POLK","District",4013,0.584,"B","81",3766,55,17.25969198,0.184
"POLK","District",1213,0.8,"B","89",3766,55,17.25969198,0.184
"POTTER","District",30748,0.672,"B","89",14365,225,20.04872955,0.202
"POTTER","District",1340,0.552,"B","83",14365,225,20.04872955,0.202
"POTTER","District",826,0.571,"A","91",14365,225,20.04872955,0.202
"POTTER","District",1546,0.176,"A","95",14365,225,20.04872955,0.202
"PRESIDIO","District",270,0.541,"B","82",800,0,0,0.061
"PRESIDIO","District",1046,0.904,"B","88",800,0,0,0.061
"RAINS","District",1727,0.589,"C","77",852,0,0,0.2
"RANDALL","District",10659,0.342,"A","92",13257,199,20.59289432,0.15
"REAGAN","District",812,0.586,"B","89",370,0,0,0.333
"REAL","District",202,0.931,"Not Rated: Senate Bill 1365","50",215,0,0,0.15
"REAL","District",328,0.582,"B","83",215,0,0,0.15
"RED RIVER","District",358,0.609,"A","97",994,14,16.09657948,0.074
"RED RIVER","District",684,0.675,"A","92",994,14,16.09657948,0.074
"RED RIVER","District",522,0.975,"C","78",994,14,16.09657948,0.074
"RED RIVER","District",528,0.648,"B","88",994,14,16.09657948,0.074
"REEVES","District",2671,0.674,"B","84",1214,16,15.65074135,0.275
"REEVES","District",148,0.872,"B","85",1214,16,15.65074135,0.275
"REFUGIO","District",131,0.641,"B","85",621,15,25.76489533,0.167
"REFUGIO","District",437,0.613,"B","84",621,15,25.76489533,0.167
"REFUGIO","District",689,0.74,"B","82",621,15,25.76489533,0.167
"ROBERTS","District",196,0.296,"A","93",97,0,0,0
"ROBERTSON","District",496,0.498,"B","85",1707,3,3.514938489,0.082
"ROBERTSON","District",142,0.908,"Not Rated: Data Under Review","85",1707,3,3.514938489,0.082
"ROBERTSON","District",1347,0.409,"A","91",1707,3,3.514938489,0.082
"ROBERTSON","District",737,0.969,"B","82",1707,3,3.514938489,0.082
"ROBERTSON","District",611,0.584,"B","89",1707,3,3.514938489,0.082
"ROCKWALL","District",17818,0.258,"A","94",10665,92,9.751523676,0.106
"ROCKWALL","District",7610,0.43,"A","91",10665,92,9.751523676,0.106
"RUNNELS","District",837,0.632,"C","77",961,18,21.85223725,0.169
"RUNNELS","District",486,0.457,"A","95",961,18,21.85223725,0.169
"RUNNELS","District",552,0.714,"A","90",961,18,21.85223725,0.169
"RUNNELS","District",141,0.745,"A","91",961,18,21.85223725,0.169
"RUSK","District",3410,0.61,"Not Rated: Senate Bill 1365","65",5316,32,6.207674944,0.143
"RUSK","District",156,0.84,"Not Rated: Data Under Review","92",5316,32,6.207674944,0.143
"RUSK","District",244,0.746,"A","91",5316,32,6.207674944,0.143
"RUSK","District",467,0.657,"B","89",5316,32,6.207674944,0.143
"RUSK","District",473,0.636,"B","85",5316,32,6.207674944,0.143
"RUSK","District",1470,0.539,"B","89",5316,32,6.207674944,0.143
"RUSK","District",607,0.773,"Not Rated: Data Under Review","89",5316,32,6.207674944,0.143
"RUSK","District",1038,0.731,"B","82",5316,32,6.207674944,0.143
"SABINE","District",901,0.599,"B","83",752,5,6.64893617,0.069
"SABINE","District",559,0.73,"B","86",752,5,6.64893617,0.069
"SAN AUGUSTINE","District",662,0.789,"C","77",664,3,4.518072289,0.05
"SAN AUGUSTINE","District",365,0.805,"Not Rated: Data Under Review","94",664,3,4.518072289,0.05
"SAN JACINTO","District",1586,0.656,"Not Rated: Senate Bill 1365","65",2499,11,5.202080832,0.088
"SAN JACINTO","District",1909,0.795,"Not Rated: Data Under Review","86",2499,11,5.202080832,0.088
"SAN PATRICIO","District",1674,0.777,"C","77",6810,80,12.33480176,0.187
"SAN PATRICIO","District",4717,0.578,"B","84",6810,80,12.33480176,0.187
"SAN PATRICIO","District",1998,0.755,"B","89",6810,80,12.33480176,0.187
"SAN PATRICIO","District",1441,0.818,"B","83",6810,80,12.33480176,0.187
"SAN PATRICIO","District",837,0.688,"B","87",6810,80,12.33480176,0.187
"SAN PATRICIO","District",2027,0.696,"A","90",6810,80,12.33480176,0.187
"SAN PATRICIO","District",888,0.899,"B","87",6810,80,12.33480176,0.187
"SAN SABA","District",730,0.625,"B","86",464,2,4.310344828,0.12
"SAN SABA","District",120,0.492,"B","81",464,2,4.310344828,0.12
"SAN SABA","District",126,0.532,"B","83",464,2,4.310344828,0.12
"SCHLEICHER","District",499,0.645,"A","90",466,0,0,0.071
"SCURRY","District",258,0.461,"C","79",1829,44,26.2438491,0.157
"SCURRY","District",2551,0.662,"Not Rated: Data Under Review","85",1829,44,26.2438491,0.157
"SCURRY","District",275,0.265,"A","97",1829,44,26.2438491,0.157
"SHACKELFORD","District",510,0.404,"B","85",311,3,9.646302251,0.182
"SHACKELFORD","District",114,0.851,"C","77",311,3,9.646302251,0.182
"SHELBY","District",2518,0.728,"A","90",2731,22,8.421823508,0.129
"SHELBY","District",681,0.602,"A","92",2731,22,8.421823508,0.129
"SHELBY","District",773,0.571,"A","91",2731,22,8.421823508,0.129
"SHELBY","District",472,0.911,"A","90",2731,22,8.421823508,0.129
"SHELBY","District",643,0.652,"B","85",2731,22,8.421823508,0.129
"SHELBY","District",68,0.721,"C","79",2731,22,8.421823508,0.129
"SHERMAN","District",108,0.639,"A","90",312,3,9.615384615,0.091
"SHERMAN","District",579,0.575,"B","89",312,3,9.615384615,0.091
"SMITH","District",1926,0.463,"B","82",22189,243,15.36797512,0.142
"SMITH","District",853,0.335,"A","97",22189,243,15.36797512,0.142
"SMITH","District",923,0.562,"B","87",22189,243,15.36797512,0.142
"SMITH","District",2788,0.341,"A","95",22189,243,15.36797512,0.142
"SMITH","District",4244,0.499,"A","92",22189,243,15.36797512,0.142
"SMITH","District",1050,0.532,"Not Rated: Data Under Review","95",22189,243,15.36797512,0.142
"SMITH","District",18126,0.779,"B","88",22189,243,15.36797512,0.142
"SMITH","District",4896,0.558,"A","93",22189,243,15.36797512,0.142
"SMITH","District",3393,0.815,"B","85",22189,243,15.36797512,0.142
"SMITH","District",1077,0.864,"B","89",22189,243,15.36797512,0.142
"SOMERVELL","District",182,0.544,"B","81",732,1,1.366120219,0.033
"SOMERVELL","District",1982,0.362,"A","93",732,1,1.366120219,0.033
"STARR","District",9007,0.958,"A","90",7423,85,13.47164219,0.107
"STARR","District",190,0.989,"B","88",7423,85,13.47164219,0.107
"STARR","District",5621,0.857,"A","94",7423,85,13.47164219,0.107
"STEPHENS","District",1414,0.651,"B","87",851,7,8.225616921,0.205
"STERLING","District",337,0.481,"A","92",114,1,8.771929825,0
"STONEWALL","District",184,0.511,"A","90",114,0,0,0.385
"SUTTON","District",684,0.509,"A","91",411,4,9.732360097,0.273
"SWISHER","District",259,0.332,"A","93",834,19,27.57793765,0.286
"SWISHER","District",943,0.836,"C","77",834,19,27.57793765,0.286
"SWISHER","District",271,0.653,"B","83",834,19,27.57793765,0.286
"TARRANT","District",323,0.204,"A","95",212882,2003,11.94088744,0.142
"TARRANT","District",1526,0.28,"A","92",212882,2003,11.94088744,0.142
"TARRANT","District",653,0.15,"A","93",212882,2003,11.94088744,0.142
"TARRANT","District",877,0.026,"A","99",212882,2003,11.94088744,0.142
"TARRANT","District",185,0.789,"C","79",212882,2003,11.94088744,0.142
"TARRANT","District",293,0.235,"B","86",212882,2003,11.94088744,0.142
"TARRANT","District",693,0.645,"C","75",212882,2003,11.94088744,0.142
"TARRANT","District",3032,0.57,"B","81",212882,2003,11.94088744,0.142
"TARRANT","District",1431,0.887,"A","90",212882,2003,11.94088744,0.142
"TARRANT","District",55594,0.728,"B","85",212882,2003,11.94088744,0.142
"TARRANT","District",22447,0.598,"B","84",212882,2003,11.94088744,0.142
"TARRANT","District",5457,0.932,"Not Rated: Data Under Review","87",212882,2003,11.94088744,0.142
"TARRANT","District",74326,0.852,"B","81",212882,2003,11.94088744,0.142
"TARRANT","District",13930,0.226,"A","93",212882,2003,11.94088744,0.142
"TARRANT","District",34336,0.259,"B","88",212882,2003,11.94088744,0.142
"TARRANT","District",35240,0.423,"B","88",212882,2003,11.94088744,0.142
"TARRANT","District",3632,0.868,"Not Rated: Senate Bill 1365","67",212882,2003,11.94088744,0.142
"TARRANT","District",16227,0.722,"B","85",212882,2003,11.94088744,0.142
"TARRANT","District",2836,0.453,"B","84",212882,2003,11.94088744,0.142
"TARRANT","District",6864,0.493,"B","85",212882,2003,11.94088744,0.142
"TARRANT","District",22814,0.608,"A","93",212882,2003,11.94088744,0.142
"TARRANT","District",3636,0.881,"B","86",212882,2003,11.94088744,0.142
"TARRANT","District",22381,0.442,"B","87",212882,2003,11.94088744,0.142
"TARRANT","District",8382,0.014,"A","98",212882,2003,11.94088744,0.142
"TARRANT","District",6981,0.552,"B","81",212882,2003,11.94088744,0.142
"TAYLOR","District",15236,0.395,"B","87",13583,209,18.99433115,0.218
"TAYLOR","District",15274,0.652,"C","75",13583,209,18.99433115,0.218
"TAYLOR","District",1082,0.501,"B","87",13583,209,18.99433115,0.218
"TAYLOR","District",138,0.645,"B","80",13583,209,18.99433115,0.218
"TAYLOR","District",1576,0.202,"A","94",13583,209,18.99433115,0.218
"TAYLOR","District",5097,0.208,"A","94",13583,209,18.99433115,0.218
"TERRELL","District",133,0.519,"A","92",90,0,0,0.2
"TERRY","District",1640,0.859,"B","83",1352,18,15.53254438,0.236
"TERRY","District",270,0.696,"B","87",1352,18,15.53254438,0.236
"TERRY","District",284,0.532,"A","90",1352,18,15.53254438,0.236
"THROCKMORTON","District",156,0.385,"B","80",127,0,0,0.067
"THROCKMORTON","District",160,0.544,"Not Rated: Data Under Review","89",127,0,0,0.067
"TITUS","District",5139,0.807,"B","84",4076,37,10.30421982,0.152
"TITUS","District",1042,0.44,"Not Rated: Data Under Review","92",4076,37,10.30421982,0.152
"TITUS","District",804,0.617,"C","78",4076,37,10.30421982,0.152
"TOM GREEN","District",3511,0.529,"B","85",10975,250,29.97722096,0.211
"TOM GREEN","District",562,0.286,"A","94",10975,250,29.97722096,0.211
"TOM GREEN","District",13798,0.631,"B","85",10975,250,29.97722096,0.211
"TOM GREEN","District",350,0.474,"B","88",10975,250,29.97722096,0.211
"TOM GREEN","District",1283,0.175,"A","97",10975,250,29.97722096,0.211
"TOM GREEN","District",1132,0.67,"B","86",10975,250,29.97722096,0.211
"TOM GREEN","District",277,0.401,"B","80",10975,250,29.97722096,0.211
"TRAVIS","District",666,0.143,"B","89",111290,559,6.370743104,0.176
"TRAVIS","District",1643,0.792,"B","83",111290,559,6.370743104,0.176
"TRAVIS","District",1422,0.336,"B","89",111290,559,6.370743104,0.176
"TRAVIS","District",392,0.584,"B","89",111290,559,6.370743104,0.176
"TRAVIS","District",532,0.5,"B","87",111290,559,6.370743104,0.176
"TRAVIS","District",354,0.068,"A","95",111290,559,6.370743104,0.176
"TRAVIS","District",4224,0.665,"B","89",111290,559,6.370743104,0.176
"TRAVIS","District",496,0.819,"A","92",111290,559,6.370743104,0.176
"TRAVIS","District",302,0.609,"B","89",111290,559,6.370743104,0.176
"TRAVIS","District",32318,0.911,"B","86",111290,559,6.370743104,0.176
"TRAVIS","District",430,0.112,"C","74",111290,559,6.370743104,0.176
"TRAVIS","District",1018,0.897,"B","83",111290,559,6.370743104,0.176
"TRAVIS","District",2312,0.902,"B","84",111290,559,6.370743104,0.176
"TRAVIS","District",470,0.443,"C","77",111290,559,6.370743104,0.176
"TRAVIS","District",844,0.911,"Not Rated",".",111290,559,6.370743104,0.176
"TRAVIS","District",1378,0.224,"A","90",111290,559,6.370743104,0.176
"TRAVIS","District",71883,0.509,"B","88",111290,559,6.370743104,0.176
"TRAVIS","District",25348,0.457,"B","85",111290,559,6.370743104,0.176
"TRAVIS","District",9029,0.791,"C","75",111290,559,6.370743104,0.176
"TRAVIS","District",7809,0.036,"A","97",111290,559,6.370743104,0.176
"TRAVIS","District",10853,0.893,"B","82",111290,559,6.370743104,0.176
"TRAVIS","District",1803,0.219,"B","87",111290,559,6.370743104,0.176
"TRAVIS","District",10953,0.099,"B","88",111290,559,6.370743104,0.176
"TRINITY","District",741,0.59,"B","87",1113,19,24.25876011,0.079
"TRINITY","District",1159,0.879,"C","70",1113,19,24.25876011,0.079
"TRINITY","District",137,0.562,"B","88",1113,19,24.25876011,0.079
"TRINITY","District",205,0.595,"A","90",1113,19,24.25876011,0.079
"TYLER","District",453,0.713,"B","80",1603,24,16.84341859,0.117
"TYLER","District",1263,0.754,"C","79",1603,24,16.84341859,0.117
"TYLER","District",1262,0.591,"B","87",1603,24,16.84341859,0.117
"TYLER","District",369,0.659,"B","88",1603,24,16.84341859,0.117
"TYLER","District",212,0.566,"B","89",1603,24,16.84341859,0.117
"UPSHUR","District",655,0.73,"B","86",3903,29,7.686395081,0.184
"UPSHUR","District",2676,0.85,"A","90",3903,29,7.686395081,0.184
"UPSHUR","District",861,0.686,"B","88",3903,29,7.686395081,0.184
"UPSHUR","District",284,0.69,"B","81",3903,29,7.686395081,0.184
"UPSHUR","District",1036,0.545,"B","83",3903,29,7.686395081,0.184
"UPSHUR","District",1214,0.413,"B","84",3903,29,7.686395081,0.184
"UPSHUR","District",701,0.422,"A","94",3903,29,7.686395081,0.184
"UPTON","District",521,0.666,"B","86",365,7,27.39726027,0.1
"UPTON","District",312,0.401,"B","88",365,7,27.39726027,0.1
"UVALDE","District",412,0.32,"A","95",2927,27,12.64092928,0.12
"UVALDE","District",393,0.791,"B","85",2927,27,12.64092928,0.12
"UVALDE","District",4103,0.807,"B","80",2927,27,12.64092928,0.12
"UVALDE","District",212,0.425,"B","85",2927,27,12.64092928,0.12
"VAL VERDE","District",9851,0.721,"B","87",5817,72,14.61234313,0.108
"VAL VERDE","District",240,0.363,"A","91",5817,72,14.61234313,0.108
"VAN ZANDT","District",75,0.853,"Not Rated",".",4791,48,11.27113338,0.128
"VAN ZANDT","District",2273,0.45,"A","92",4791,48,11.27113338,0.128
"VAN ZANDT","District",1027,0.48,"B","87",4791,48,11.27113338,0.128
"VAN ZANDT","District",1173,0.581,"B","89",4791,48,11.27113338,0.128
"VAN ZANDT","District",511,0.489,"B","88",4791,48,11.27113338,0.128
"VAN ZANDT","District",2366,0.606,"A","91",4791,48,11.27113338,0.128
"VAN ZANDT","District",2628,0.622,"C","70",4791,48,11.27113338,0.128
"VAN ZANDT","District",427,0.649,"B","89",4791,48,11.27113338,0.128
"VICTORIA","District",825,0.859,"B","80",9217,173,32.76554193,0.142
"VICTORIA","District",13253,0.688,"C","78",9217,173,32.76554193,0.142
"VICTORIA","District",136,0.456,"A","97",9217,173,32.76554193,0.142
"WALKER","District",29,1,"Not Rated",".",4660,78,19.527897,0.138
"WALKER","District",432,0.266,"B","87",4660,78,19.527897,0.138
"WALKER","District",994,0.51,"B","86",4660,78,19.527897,0.138
"WALKER","District",15260,0.563,"C","75",4660,78,19.527897,0.138
"WALLER","District",1584,0.879,"Not Rated: Senate Bill 1365","58",5085,47,10.42281219,0.088
"WALLER","District",8367,0.68,"B","80",5085,47,10.42281219,0.088
"WALLER","District",2572,0.76,"B","81",5085,47,10.42281219,0.088
"WARD","District",2039,0.309,"B","83",1126,32,33.74777975,0.106
"WARD","District",147,0.619,"Not Rated: Senate Bill 1365","57",1126,32,33.74777975,0.106
"WASHINGTON","District",4866,0.532,"B","81",3005,55,22.62895175,0.185
"WASHINGTON","District",519,0.482,"A","94",3005,55,22.62895175,0.185
"WEBB","District",182,0.973,"Not Rated: Data Under Review","91",35715,389,13.83172337,0.153
"WEBB","District",19716,0.965,"Not Rated: Data Under Review","91",35715,389,13.83172337,0.153
"WEBB","District",39243,0.755,"A","94",35715,389,13.83172337,0.153
"WEBB","District",264,0.818,"B","86",35715,389,13.83172337,0.153
"WHARTON","District",1141,0.523,"B","81",4290,74,21.44522145,0.102
"WHARTON","District",954,0.386,"A","92",4290,74,21.44522145,0.102
"WHARTON","District",3404,0.751,"B","88",4290,74,21.44522145,0.102
"WHARTON","District",1960,0.843,"Not Rated: Senate Bill 1365","57",4290,74,21.44522145,0.102
"WHARTON","District",518,0.637,"B","87",4290,74,21.44522145,0.102
"WHEELER","District",381,0.614,"C","76",567,2,3.527336861,0.067
"WHEELER","District",406,0.675,"A","91",567,2,3.527336861,0.067
"WHEELER","District",137,0.672,"B","86",567,2,3.527336861,0.067
"WHEELER","District",159,0.308,"A","94",567,2,3.527336861,0.067
"WICHITA","District",3307,0.501,"B","81",12453,292,33.88741669,0.221
"WICHITA","District",454,0.678,"B","86",12453,292,33.88741669,0.221
"WICHITA","District",1921,0.377,"A","94",12453,292,33.88741669,0.221
"WICHITA","District",13371,0.658,"B","80",12453,292,33.88741669,0.221
"WICHITA","District",1121,0.728,"B","87",12453,292,33.88741669,0.221
"WILBARGER","District",105,0.543,"B","87",1365,23,18.31501832,0.185
"WILBARGER","District",1862,0.742,"Not Rated: Senate Bill 1365","69",1365,23,18.31501832,0.185
"WILBARGER","District",236,0.331,"B","88",1365,23,18.31501832,0.185
"WILLACY","District",327,0.869,"B","87",2301,20,9.126466754,0.158
"WILLACY","District",1428,0.798,"A","90",2301,20,9.126466754,0.158
"WILLACY","District",1959,0.883,"A","92",2301,20,9.126466754,0.158
"WILLACY","District",223,0.776,"A","92",2301,20,9.126466754,0.158
"WILLIAMSON","District",1683,0.057,"A","96",57347,348,7.149458559,0.152
"WILLIAMSON","District",369,0.366,"B","80",57347,348,7.149458559,0.152
"WILLIAMSON","District",1114,0.618,"C","71",57347,348,7.149458559,0.152
"WILLIAMSON","District",12566,0.349,"B","82",57347,348,7.149458559,0.152
"WILLIAMSON","District",506,0.615,"B","81",57347,348,7.149458559,0.152
"WILLIAMSON","District",8932,0.392,"B","85",57347,348,7.149458559,0.152
"WILLIAMSON","District",2882,0.529,"C","75",57347,348,7.149458559,0.152
"WILLIAMSON","District",6824,0.206,"B","88",57347,348,7.149458559,0.152
"WILLIAMSON","District",45990,0.222,"Not Rated: Data Under Review","89",57347,348,7.149458559,0.152
"WILLIAMSON","District",3014,0.498,"C","75",57347,348,7.149458559,0.152
"WILLIAMSON","District",786,0.294,"A","96",57347,348,7.149458559,0.152
"WILLIAMSON","District",41543,0.185,"B","89",57347,348,7.149458559,0.152
"WILLIAMSON","District",263,0.574,"B","86",57347,348,7.149458559,0.152
"WILSON","District",4010,0.536,"B","83",4546,23,5.059392873,0.126
"WILSON","District",3356,0.234,"A","91",4546,23,5.059392873,0.126
"WILSON","District",909,0.278,"A","94",4546,23,5.059392873,0.126
"WILSON","District",813,0.387,"B","82",4546,23,5.059392873,0.126
"WINKLER","District",1270,0.739,"B","85",854,6,9.367681499,0.2
"WINKLER","District",407,0.369,"A","94",854,6,9.367681499,0.2
"WISE","District",786,0.421,"B","85",6394,62,11.72974664,0.126
"WISE","District",1228,0.559,"B","80",6394,62,11.72974664,0.126
"WISE","District",2027,0.629,"C","76",6394,62,11.72974664,0.126
"WISE","District",576,0.516,"B","82",6394,62,11.72974664,0.126
"WISE","District",3600,0.384,"B","82",6394,62,11.72974664,0.126
"WISE","District",1281,0.303,"A","93",6394,62,11.72974664,0.126
"WISE","District",383,0.379,"B","81",6394,62,11.72974664,0.126
"WOOD","District",747,0.657,"B","88",3330,51,21.32132132,0.11
"WOOD","District",1631,0.544,"A","93",3330,51,21.32132132,0.11
"WOOD","District",1176,0.702,"A","91",3330,51,21.32132132,0.11
"WOOD","District",368,0.636,"C","71",3330,51,21.32132132,0.11
"WOOD","District",857,0.483,"B","87",3330,51,21.32132132,0.11
"WOOD","District",1532,0.631,"B","89",3330,51,21.32132132,0.11
"YOAKUM","District",1596,0.671,"B","89",1074,7,6.517690875,0.13
"YOAKUM","District",410,0.688,"B","89",1074,7,6.517690875,0.13
"YOUNG","District",2293,0.589,"A","90",1736,37,22.46543779,0.163
"YOUNG","District",212,0.627,"A","90",1736,37,22.46543779,0.163
"YOUNG","District",696,0.642,"A","90",1736,37,22.46543779,0.163
"ZAPATA","District",3284,0.881,"B","84",2087,5,2.874940105,0.128
"ZAVALA","District",1779,0.847,"B","80",1474,3,2.035278155,0.224
"ZAVALA","District",484,0.905,"B","87",1474,3,2.035278155,0.224
